Fecha,Genero,Comentario,Commnet
02-01-24,Hombre,"Mi paso por México fue complicado. Las autoridades fueron amables, pero los riesgos en el camino son altos. Espero llegar a mi destino sano y salvo.",My passage through Mexico was complicated.
05-16-24,Mujer,"México tiene sus retos, pero también personas dispuestas a ayudar en cada paso.","The authorities were kind, but the risks on the road are high."
05-04-24,Mujer,"Cada día en México es un nuevo reto, pero cada paso me acerca más a mi destino.","I hope to reach my destination in Mexico; it has its challenges, but also people willing to help at
every step."
07-10-24,Mujer,Mi paso por México me ha enseñado a ser fuerte y a confiar en la bondad de los demás.,"Every day in Mexico is a new challenge, but each step brings me closer to my destination."
01-21-24,Hombre,"El viaje es agotador, pero las sonrisas y la ayuda de la gente me dan fuerza.",My passage through Mexico has taught me to be strong and to trust in the kindness of others.
07-23-24,Hombre,"México ha sido una experiencia agridulce, con momentos buenos y otros muy difíciles.","The journey is exhausting, but the smiles and help from the people give me strength."
09-15-24,Mujer,"El trayecto por México ha sido largo, pero la gente en los pueblos es muy solidaria.","Mexico has been a bittersweet experience, with good moments and others that are very difficult."
05-20-24,Hombre,"Me he encontrado con mucha bondad en el camino, aunque las dificultades no faltan.","The journey through Mexico has been long, but the people in the towns are very supportive."
02-15-24,Mujer,"He pasado por momentos de miedo, pero también he recibido ayuda inesperada.","I have encountered much kindness along the way, although difficulties are not lacking."
11-07-24,Mujer,"El camino ha sido largo y peligroso, pero las personas amables hacen que valga la pena.","I have gone through moments of fear, but I have also received unexpected help."
02-28-24,Hombre,"Las autoridades me han tratado bien, pero hay muchos peligros en el camino.","The road has been long and dangerous, but kind people make it worthwhile."
03-29-24,Hombre,Este camino por México me ha mostrado lo mejor y lo peor de la humanidad.,"The authorities have treated me well, but there are many dangers on the road."
08-17-24,Hombre,El apoyo de la gente en algunas partes de México ha sido un verdadero alivio.,This journey through Mexico has shown me the best and the worst of humanity.
01-26-24,Mujer,"México es un país complicado para los migrantes, pero no pierdo la esperanza.",The support from people in some parts of Mexico has been a true relief.
07-21-24,Mujer,"Pasar por México ha sido un desafío, pero la esperanza me mantiene en pie.","Mexico is a complicated country for migrants, but I do not lose hope."
10-21-24,Hombre,"Cada día es una lucha, pero sigo adelante con la esperanza de un futuro mejor.","Passing through Mexico has been a challenge, but hope keeps me standing."
04-04-24,Hombre,"El clima y el terreno han sido duros, pero sigo adelante con fe en mi futuro.","Every day is a struggle, but I move forward with the hope of a better future."
02-26-24,Mujer,"Algunos lugares han sido peligrosos, pero he encontrado refugio en la generosidad de desconocidos.","The weather and terrain have been harsh, but I continue with faith in my future."
03-12-24,Hombre,"He encontrado mucha solidaridad en los albergues de México, eso me da ánimo.","Some places have been dangerous, but I have found refuge in the generosity of strangers."
10-28-24,Mujer,"He sufrido mucho, pero también he conocido a personas que me han ayudado desinteresadamente.",I have found much solidarity in the shelters of Mexico; that gives me encouragement.
03-04-24,Hombre,"La inseguridad es una preocupación constante, pero sigo con la esperanza de un mejor mañana.","I have suffered a lot, but I have also met people who have helped me selflessly."
10-29-24,Hombre,"Cruzar México ha sido duro, pero agradezco la ayuda que he recibido en los albergues.","Insecurity is a constant concern, but I continue with the hope of a better tomorrow."
05-08-24,Hombre,"El viaje es difícil, pero la esperanza de una nueva vida me impulsa a seguir adelante.","Crossing Mexico has been hard, but I am grateful for the help I have received in the shelters."
11-27-24,Mujer,"México es un país hermoso, pero el camino es peligroso y lleno de incertidumbres.","The journey is difficult, but the hope of a new life drives me to keep going."
10-29-24,Hombre,"Algunos días son más duros que otros, pero sigo adelante con la esperanza de un mejor futuro.","Mexico is a beautiful country, but the road is dangerous and full of uncertainties."
06-19-24,Mujer,"He conocido personas maravillosas en México, pero también he enfrentado muchos desafíos.","Some days are harder than others, but I keep moving forward with the hope of a better future."
05-14-24,Mujer,El apoyo de la comunidad ha sido vital para continuar mi viaje a través de México.,"I have met wonderful people in Mexico, but I have also faced many challenges."
04-22-24,Mujer,"Cada paso es un reto, pero no pierdo la fe en alcanzar un lugar seguro.",The support of the community has been vital to continue my journey through Mexico.
02-16-24,Mujer,"México ha sido un país de contrastes para mí, con momentos de esperanza y otros de temor.","Every step is a challenge, but I do not lose faith in reaching a safe place."
10-11-24,Hombre,"Los peligros son reales, pero la solidaridad que he encontrado en el camino me da fuerzas.","Mexico has been a country of contrasts for me, with moments of hope and others of fear."
01-18-24,Mujer,"El recorrido ha sido largo, pero las personas buenas que he encontrado lo hacen más llevadero.","The dangers are real, but the solidarity I have found along the way gives me strength."
03-14-24,Hombre,"He visto mucho en este viaje, lo bueno y lo malo, pero sigo adelante con determinación.","The journey has been long, but the good people I have met make it more bearable."
05-04-24,Hombre,"Cada día trae un nuevo desafío, pero también nuevas oportunidades para encontrar ayuda.","I have seen a lot on this journey, the good and the bad, but I keep moving forward with
determination."
09-08-24,Mujer,"El camino ha sido difícil, pero he conocido gente amable que me ha dado esperanza.","Every day brings a new challenge, but also new opportunities to find help."
11-04-24,Hombre,"México tiene sus riesgos, pero también tiene gente que está dispuesta a tender la mano.","The road has been difficult, but I have met kind people who have given me hope."
09-21-24,Hombre,"Las noches son las más difíciles, pero la esperanza me mantiene fuerte durante el día.","Mexico has its risks, but it also has people who are willing to lend a hand."
11-29-24,Hombre,"El viaje es agotador, pero saber que estoy más cerca de mi destino me da fuerza.","The nights are the hardest, but hope keeps me strong during the day."
02-16-24,Mujer,"He enfrentado peligros, pero también he sido testigo de actos de bondad increíbles.","The journey is exhausting, but knowing that I am closer to my destination gives me strength."
06-21-24,Mujer,"Pasar por México ha sido una experiencia dura, pero me ha enseñado mucho sobre la vida.","I have faced dangers, but I have also witnessed incredible acts of kindness."
10-03-24,Mujer,"He recibido ayuda en los momentos más inesperados, lo cual me da fuerzas para seguir.","Passing through Mexico has been a tough experience, but it has taught me a lot about life."
03-29-24,Hombre,"Cada día es una batalla, pero sigo luchando por un futuro mejor y más seguro.","I have received help in the most unexpected moments, which gives me strength to continue."
08-29-24,Mujer,"El recorrido ha sido largo, pero las personas buenas que he encontrado lo hacen más llevadero.","Every day is a battle, but I keep fighting for a better and safer future."
05-05-24,Hombre,"Pasar por México ha sido un desafío, pero la esperanza me mantiene en pie.","The journey has been long, but the good people I have met make it more bearable."
11-12-24,Hombre,"Las noches son frías y llenas de incertidumbre, pero sigo adelante. A pesar de los obstáculos, sigo adelante con fe.","Passing through Mexico has been a challenge, but hope keeps me standing."
02-03-24,Mujer,"He conocido personas que me han dado fuerza en mi paso por México. La travesía ha sido difícil, pero continúo con esperanza.","The nights are cold and full of uncertainty, but I keep moving forward."
09-25-24,Mujer,"He enfrentado peligros, pero también he sido testigo de actos de bondad increíbles.","Despite the obstacles, I keep moving forward with faith."
04-05-24,Mujer,"He visto mucho en este viaje, lo bueno y lo malo, pero sigo adelante con determinación.",I have met people who have given me strength in my passage through Mexico.
04-29-24,Mujer,"Las noches son las más difíciles, pero la esperanza me mantiene fuerte durante el día.","The journey has been difficult, but I continue with hope."
11-19-24,Hombre,"El viaje ha sido agotador, pero la hospitalidad de algunos mexicanos me da aliento. A pesar de los obstáculos, sigo adelante con fe.","I have faced dangers, but I have also witnessed incredible acts of kindness."
09-27-24,Hombre,"El clima y el terreno han sido duros, pero sigo adelante con fe en mi futuro.","I have seen a lot on this journey, the good and the bad, but I keep moving forward with
determination."
09-08-24,Mujer,"El viaje es agotador, pero saber que estoy más cerca de mi destino me da fuerza.","The nights are the hardest, but hope keeps me strong during the day."
06-09-24,Mujer,"Las noches son frías y llenas de incertidumbre, pero sigo adelante. México es un país de contrastes, y el viaje no ha sido fácil.","The journey has been exhausting, but the hospitality of some Mexicans gives me
encouragement."
07-01-24,Hombre,"Las noches son frías y llenas de incertidumbre, pero sigo adelante. La travesía ha sido difícil, pero continúo con esperanza.","Despite the obstacles, I keep moving forward with faith."
09-05-24,Hombre,"El camino ha sido duro, pero la esperanza me impulsa a seguir. Cada persona que me ayuda en México es un rayo de luz.","The climate and the terrain have been harsh, but I keep going with faith in my future."
02-03-24,Hombre,"México tiene sus riesgos, pero también tiene gente que está dispuesta a tender la mano.","The journey is exhausting, but knowing that I am closer to my destination gives me strength."
09-10-24,Hombre,"Los mexicanos son amables, pero el viaje es peligroso. El apoyo de algunas personas me ha dado fuerzas para continuar.","The nights are cold and full of uncertainty, but I keep going."
10-06-24,Mujer,"Cada día es un desafío, pero sigo adelante con la esperanza de un futuro mejor. México es un país de contrastes, y el viaje no ha sido fácil.","Mexico is a country of contrasts, and the journey has not been easy."
02-18-24,Hombre,"México es un país complicado para los migrantes, pero no pierdo la esperanza.","The nights are cold and full of uncertainty, but I keep going."
02-04-24,Mujer,"He encontrado mucha solidaridad en los albergues de México, eso me da ánimo.","The crossing has been difficult, but I continue with hope."
06-15-24,Mujer,"El viaje es difícil, pero la esperanza de una nueva vida me impulsa a seguir adelante.","The road has been hard, but hope drives me to keep going."
10-12-24,Hombre,"México ha sido un lugar de desafíos, pero también de aprendizaje. A pesar de los obstáculos, sigo adelante con fe.",Every person who helps me in Mexico is a ray of light.
06-01-24,Hombre,"Los mexicanos son amables, pero el viaje es peligroso. A pesar de los obstáculos, sigo adelante con fe.","Mexico has its risks, but it also has people who are willing to lend a hand."
05-11-24,Mujer,"Las autoridades me han tratado bien, pero hay muchos peligros en el camino.","Mexicans are kind, but the journey is dangerous."
10-28-24,Hombre,"La travesía ha sido difícil, pero continúo con esperanza.",The support of some people has given me strength to continue.
10-27-24,Hombre,"Pasar por México ha sido una experiencia dura, pero me ha enseñado mucho sobre la vida.","Every day is a challenge, but I keep going with the hope of a better future."
03-29-24,Mujer,"El viaje ha sido agotador, pero la hospitalidad de algunos mexicanos me da aliento. Las dificultades son muchas, pero no pierdo la esperanza.","Mexico is a complicated country for migrants, but I do not lose hope."
05-05-24,Mujer,"Cada día es un desafío, pero sigo adelante con la esperanza de un futuro mejor. Las dificultades son muchas, pero no pierdo la esperanza.","I have found much solidarity in the shelters of Mexico, that gives me encouragement."
08-09-24,Mujer,"México me ha enseñado a ser resiliente, aunque el camino sea largo. México es un país de contrastes, y el viaje no ha sido fácil.","The journey is difficult, but the hope of a new life drives me to keep going."
02-02-24,Mujer,Este camino por México me ha mostrado lo mejor y lo peor de la humanidad.,"Mexico has been a place of challenges, but also of learning."
03-14-24,Hombre,"Cada día en México me enseña algo nuevo, aunque el viaje sea difícil. La travesía ha sido difícil, pero continúo con esperanza.","Despite the obstacles, I keep going with faith."
12-09-24,Mujer,He encontrado refugio en la solidaridad de algunos mexicanos.,"Mexicans are kind, but the journey is dangerous."
07-04-24,Hombre,"El camino ha sido duro, pero la esperanza me impulsa a seguir. En México, la hospitalidad se mezcla con el peligro.","Despite the obstacles, I keep going with faith."
08-07-24,Hombre,"México es un país hermoso, pero el camino es peligroso y lleno de incertidumbres.","The authorities have treated me well, but there are many dangers on the road."
04-09-24,Mujer,"México ha sido un lugar de desafíos, pero también de aprendizaje. En México, la hospitalidad se mezcla con el peligro.","The crossing has been difficult, but I continue with hope."
06-08-24,Mujer,"Los mexicanos son amables, pero el viaje es peligroso. He visto tanto bondad como dureza en mi paso por este país.","Passing through Mexico has been a hard experience, but it has taught me a lot about life."
12-02-24,Hombre,"México me ha enseñado a ser resiliente, aunque el camino sea largo. Las dificultades son muchas, pero no pierdo la esperanza.","The journey has been exhausting, but the hospitality of some Mexicans gives me
encouragement."
12-05-24,Hombre,"Me he encontrado con mucha bondad en el camino, aunque las dificultades no faltan.","The difficulties are many, but I do not lose hope."
09-18-24,Mujer,"El viaje ha sido agotador, pero la hospitalidad de algunos mexicanos me da aliento. Cada persona que me ayuda en México es un rayo de luz.","Every day is a challenge, but I keep going with the hope of a better future."
10-21-24,Mujer,"México ha sido un lugar de desafíos, pero también de aprendizaje. He visto tanto bondad como dureza en mi paso por este país.","The difficulties are many, but I do not lose hope."
08-05-24,Hombre,"El camino ha sido duro, pero la esperanza me impulsa a seguir. El apoyo de algunas personas me ha dado fuerzas para continuar.","Mexico has taught me to be resilient, even though the road is long."
09-17-24,Mujer,"El camino ha sido duro, pero la esperanza me impulsa a seguir. Las dificultades son muchas, pero no pierdo la esperanza.","Mexico is a country of contrasts, and the journey has not been easy."
12-06-24,Mujer,"En México, la hospitalidad se mezcla con el peligro.",This path through Mexico has shown me the best and the worst of humanity.
04-27-24,Hombre,"A pesar de todo, he encontrado ayuda en personas solidarias en México. He encontrado refugio en la solidaridad de algunos mexicanos.","Every day in Mexico teaches me something new, even though the journey is difficult."
07-29-24,Hombre,"Cada día en México me enseña algo nuevo, aunque el viaje sea difícil. Las dificultades son muchas, pero no pierdo la esperanza.","The crossing has been difficult, but I continue with hope."
09-15-24,Mujer,"La inseguridad es una preocupación constante, pero sigo con la esperanza de un mejor mañana.",I have found refuge in the solidarity of some Mexicans.
02-01-24,Hombre,"El trayecto por México ha sido largo, pero la gente en los pueblos es muy solidaria.","The road has been hard, but hope drives me to keep going."
01-22-24,Hombre,El apoyo de algunas personas me ha dado fuerzas para continuar.,"In Mexico, hospitality mixes with danger."
05-30-24,Hombre,"México ha sido un lugar de desafíos, pero también de aprendizaje. Cada persona que me ayuda en México es un rayo de luz.","Mexico is a beautiful country, but the road is dangerous and full of uncertainties."
07-08-24,Hombre,"México me ha enseñado a ser resiliente, aunque el camino sea largo. Cada persona que me ayuda en México es un rayo de luz.","Mexico has been a place of challenges, but also of learning."
07-25-24,Hombre,"Cada día es una lucha, pero sigo adelante con la esperanza de un futuro mejor.","In Mexico, hospitality mixes with danger."
07-05-24,Hombre,"Cada día en México me enseña algo nuevo, aunque el viaje sea difícil. He visto tanto bondad como dureza en mi paso por este país.","Mexicans are kind, but the journey is dangerous."
02-19-24,Hombre,"Los mexicanos son amables, pero el viaje es peligroso. La travesía ha sido difícil, pero continúo con esperanza.",I have seen both kindness and harshness in my passage through this country.
09-25-24,Hombre,"México ha sido una experiencia agridulce, con momentos buenos y otros muy difíciles.","Mexico has taught me to be resilient, even though the road is long."
06-15-24,Hombre,"Cada día es un desafío, pero sigo adelante con la esperanza de un futuro mejor. En México, he aprendido a ser fuerte en medio de la adversidad.","The difficulties are many, but I do not lose hope."
07-14-24,Hombre,"Cada día es un desafío, pero sigo adelante con la esperanza de un futuro mejor. La travesía ha sido difícil, pero continúo con esperanza.","I have encountered much kindness along the way, even though difficulties are not lacking."
09-11-24,Mujer,"El viaje es agotador, pero las sonrisas y la ayuda de la gente me dan fuerza.","The journey has been exhausting, but the hospitality of some Mexicans gives me
encouragement."
02-23-24,Mujer,"He conocido personas que me han dado fuerza en mi paso por México. México es un país de contrastes, y el viaje no ha sido fácil.",Every person who helps me in Mexico is a ray of light.
12-05-24,Hombre,"Cada día trae un nuevo desafío, pero también nuevas oportunidades para encontrar ayuda.","Mexico has been a place of challenges, but also of learning."
06-21-24,Mujer,"México me ha enseñado a ser resiliente, aunque el camino sea largo. En México, la hospitalidad se mezcla con el peligro.",I have seen both kindness and harshness in my passage through this country.
05-08-24,Mujer,"He sufrido mucho, pero también he conocido a personas que me han ayudado desinteresadamente.","The road has been hard, but hope drives me to keep going."
04-13-24,Mujer,"Cruzar México ha sido duro, pero agradezco la ayuda que he recibido en los albergues.",The support of some people has given me strength to continue.
07-22-24,Hombre,"El viaje ha sido agotador, pero la hospitalidad de algunos mexicanos me da aliento. He encontrado refugio en la solidaridad de algunos mexicanos.","The road has been hard, but hope drives me to keep going."
06-30-24,Mujer,"El viaje ha sido agotador, pero la hospitalidad de algunos mexicanos me da aliento. En México, la hospitalidad se mezcla con el peligro.","The difficulties are many, but I do not lose hope."
08-12-24,Hombre,"Mi paso por México fue complicado. Las autoridades fueron amables, pero los riesgos en el camino son altos. Espero llegar a mi destino sano y salvo.","In Mexico, hospitality mixes with danger."
04-10-24,Mujer,"En México, he aprendido a ser fuerte en medio de la adversidad.","Despite everything, I have found help from supportive people in Mexico."
07-31-24,Hombre,He conocido personas que me han dado fuerza en mi paso por México. El apoyo de algunas personas me ha dado fuerzas para continuar.,I have found refuge in the solidarity of some Mexicans.
11-29-24,Mujer,"Los peligros son reales, pero la solidaridad que he encontrado en el camino me da fuerzas.","Every day in Mexico teaches me something new, even though the journey is difficult."
03-02-24,Hombre,"Cada día es un desafío, pero sigo adelante con la esperanza de un futuro mejor. He encontrado refugio en la solidaridad de algunos mexicanos.","The difficulties are many, but I do not lose hope."
10-23-24,Mujer,"Las dificultades son muchas, pero no pierdo la esperanza.","Insecurity is a constant concern, but I continue with the hope of a better tomorrow."
03-08-24,Mujer,He conocido personas que me han dado fuerza en mi paso por México. He visto tanto bondad como dureza en mi paso por este país.,"The journey through Mexico has been long, but the people in the towns are very supportive."
04-13-24,Mujer,"He conocido personas que me han dado fuerza en mi paso por México. A pesar de los obstáculos, sigo adelante con fe.",The support of some people has given me strength to continue.
06-30-24,Mujer,Cada persona que me ayuda en México es un rayo de luz.,"Mexico has been a place of challenges, but also of learning."
09-12-24,Hombre,"El camino ha sido duro, pero la esperanza me impulsa a seguir. A pesar de los obstáculos, sigo adelante con fe.",Every person who helps me in Mexico is a ray of light.
04-03-24,Hombre,"He conocido personas que me han dado fuerza en mi paso por México. En México, he aprendido a ser fuerte en medio de la adversidad.","Mexico has taught me to be resilient, even though the road is long."
11-22-24,Hombre,"México es un país de contrastes, y el viaje no ha sido fácil.",Every person who helps me in Mexico is a ray of light.
09-06-24,Mujer,He visto tanto bondad como dureza en mi paso por este país.,"Every day is a struggle, but I keep going with the hope of a better future."
03-28-24,Mujer,"El camino ha sido duro, pero la esperanza me impulsa a seguir. He encontrado refugio en la solidaridad de algunos mexicanos.","Every day in Mexico teaches me something new, even though the journey is difficult."
10-15-24,Hombre,"El camino ha sido duro, pero la esperanza me impulsa a seguir. México es un país de contrastes, y el viaje no ha sido fácil.",I have seen both kindness and harshness in my passage through this country.
05-30-24,Mujer,"México ha sido un lugar de desafíos, pero también de aprendizaje. La travesía ha sido difícil, pero continúo con esperanza.","Mexicans are kind, but the journey is dangerous."
09-22-24,Mujer,"He recibido ayuda en los momentos más inesperados, lo cual me da fuerzas para seguir.","The crossing has been difficult, but I continue with hope."
03-19-24,Hombre,"Las fronteras son duras, pero la esperanza sigue viva.","Mexico has been a bittersweet experience, with good moments and others very difficult."
03-22-24,Mujer,"Los oficiales a veces son hostiles, pero no todos son malos.","Every day is a challenge, but I keep going with the hope of a better future."
08-14-24,Hombre,"Me costó encontrar ayuda, pero al final pude avanzar.","In Mexico, I have learned to be strong in the midst of difficulties."
03-27-24,Mujer,Cada día en la travesía es una lección de vida.,"Every day is a challenge, but I keep going with the hope of a better future."
11-18-24,Hombre,"La comida es escasa, pero lo que más pesa es la incertidumbre.","The crossing has been difficult, but I continue with hope."
09-02-24,Mujer,"He conocido personas que han perdido todo, menos la esperanza.","The journey is exhausting, but the smiles and help from the people give me strength."
11-08-24,Hombre,El apoyo entre migrantes es lo que nos mantiene fuertes.,I have met people who have given me strength in my passage through Mexico.
04-09-24,Mujer,"El clima ha sido impredecible, pero seguimos adelante.","Mexico is a country of contrasts, and the journey has not been easy."
08-28-24,Hombre,"A veces siento que no lo lograré, pero luego veo hacia atrás y veo lo lejos que he llegado.","Every day brings a new challenge, but also new opportunities to find help."
07-27-24,Mujer,"Los rumores sobre los peligros son constantes, pero también lo es la solidaridad.","Mexico has taught me to be resilient, even though the road is long."
07-21-24,Hombre,"Las noches son largas y frías, pero siempre hay alguien que te comparte un abrigo.","In Mexico, hospitality mixes with danger."
12-01-24,Mujer,"Cada paso me acerca a un nuevo comienzo, aunque el camino sea incierto.","I have suffered a lot, but I have also met people who have helped me selflessly."
01-22-24,Hombre,"La barrera del idioma ha sido difícil, pero me esfuerzo en aprender lo necesario.","Crossing Mexico has been hard, but I am grateful for the help I have received in the shelters."
09-14-24,Mujer,"Agradezco cada pequeña ayuda que recibo en el camino, aunque sea una sonrisa.","The journey has been exhausting, but the hospitality of some Mexicans gives me
encouragement."
06-12-24,Hombre,Cada frontera cruzada es una victoria personal.,I have found refuge in the solidarity of some.
07-19-24,Mujer,"He visto gente rendirse, pero yo no me puedo permitir ese lujo.","The journey has been exhausting, but the hospitality of some Mexicans gives me
encouragement."
11-27-24,Hombre,"A veces dudo de mi decisión, pero luego recuerdo por qué comencé.","In Mexico, hospitality mixes with the danger."
08-24-24,Mujer,Cada día es una nueva oportunidad de acercarme a mi destino.,My passage through Mexico was complicated.
05-15-24,Hombre,La distancia que he recorrido me llena de orgullo.,"The authorities were kind, but the risks on the road are high."
01-18-24,Mujer,Las historias que escucho de otros migrantes me motivan a seguir.,I hope to reach my destination.
08-28-24,Hombre,"Atravesar México fue un desafío constante, pero la solidaridad de la gente me dio fuerzas para continuar.","In Mexico, I have learned to be strong in the face of adversity."
11-02-24,Mujer,"Las autoridades en México son impredecibles, pero los albergues y las ONGs me brindaron esperanza.",I have met people who have given me strength in my passage through Mexico.
11-13-24,Hombre,"México es un país hermoso, pero la inseguridad en algunas zonas me hizo cuestionar mi viaje.",The support of some people has given me strength to continue.
07-17-24,Mujer,"Conocí a otros migrantes en mi camino por México, y juntos pudimos enfrentar las dificultades.","The dangers are real, but the solidarity I have found on the road gives me strength."
07-02-24,Hombre,"Pasar por México no fue fácil, pero al final, las experiencias me hicieron más fuerte.","Every day is a challenge, but I keep going with the hope of a better future."
03-23-24,Mujer,"Los peligros en el camino eran reales, pero los actos de bondad de los mexicanos hicieron la diferencia.",I have found refuge in the solidarity of some.
08-23-24,Hombre,"Aunque sufrí mucho durante mi paso por México, también encontré personas que me ayudaron sin pedir nada a cambio.","The difficulties are many, but I do not lose hope."
09-27-24,Mujer,"A veces me sentía invisible en México, pero los gestos pequeños de apoyo me devolvieron la fe.",I have met people who have given me strength in my passage through Mexico.
08-24-24,Hombre,"La travesía por México fue larga y dura, pero cada día me acercaba más a mi sueño.",I have seen both kindness and harshness in my passage through this country.
04-02-24,Mujer,"El miedo me acompañó durante todo el trayecto por México, pero no me rendí.",I have met people who have given me strength in my passage through Mexico.
06-14-24,Hombre,La comida y la cultura de México me dieron pequeñas alegrías en medio de la adversidad.,"Despite the obstacles, I keep going with faith."
12-06-24,Mujer,"Aunque no sabía lo que me esperaba en México, me sorprendió la calidez de algunas personas.",Every person who helps me in Mexico is a ray of light.
08-07-24,Hombre,"El cruce de la frontera sur fue el primer gran obstáculo, pero lo superé con determinación.","The road has been hard, but hope drives me to continue."
03-12-24,Mujer,"En México, aprendí a adaptarme rápido a las circunstancias y a seguir adelante sin mirar atrás.","Despite the obstacles, I keep going with faith."
05-20-24,Hombre,"Con cada paso en México, sentía que dejaba atrás una parte de mi vida, pero ganaba nuevas fuerzas.",I have met people who have given me strength in my passage through Mexico.
02-14-24,Mujer,"México fue un refugio temporal, pero cada día allí me hizo más consciente de mi vulnerabilidad.","In Mexico, I have learned to be strong in the face of adversity."
09-27-24,Hombre,"La incertidumbre en México era constante, pero los sueños de un futuro mejor me mantenían firme.","Mexico is a country of contrasts, and the journey has not been easy."
08-18-24,Mujer,"En algunos momentos en México, pensé en abandonar, pero recordé por qué comencé este viaje.",I have seen both kindness and harshness in my passage through this country.
10-01-24,Hombre,Los desafíos que enfrenté en México me enseñaron lecciones que nunca olvidaré.,"The road has been hard, but hope drives me to continue."
12-01-24,Mujer,"Aunque hubo momentos difíciles en México, también encontré motivos para sonreír.",I have found refuge in the solidarity of some Mexicans.
03-13-24,Hombre,La hospitalidad de algunas personas en México me dio fuerza para seguir adelante.,"The road has been hard, but hope drives me to continue."
11-20-24,Hombre,En México aprendí que la perseverancia es clave para alcanzar mis sueños.,"Mexico is a country of contrasts, and the journey has not been easy."
03-31-24,Mujer,"El calor del desierto fue implacable, pero la ayuda de los locales me mantuvo en pie.","Mexico has been a place of challenges, but also of learning."
07-22-24,Hombre,"Aunque hubo muchas dificultades, siempre encontré alguien dispuesto a dar una mano.","The journey has been difficult, but I continue with hope."
08-28-24,Mujer,Pasar por México me hizo más resiliente ante los desafíos del futuro.,"I have received help in the most unexpected moments, which gives me strength to continue."
08-18-24,Mujer,Las noches frías en el camino me hicieron apreciar la bondad de los extraños.,"The borders are tough, but hope remains alive."
10-12-24,Mujer,"Sentí miedo en cada frontera, pero la esperanza nunca me abandonó.","The officials are sometimes hostile, but not all are bad."
07-13-24,Hombre,"Los caminos eran duros, pero el apoyo de otros migrantes fue mi mayor motivación.","It was hard for me to find help, but in the end, I was able to move forward."
01-19-24,Hombre,"México fue solo una parada, pero me enseñó mucho sobre el coraje.",Every day on the journey is a lesson in life.
09-03-24,Mujer,"Las autoridades a veces eran duras, pero también encontré compasión en algunos.","Food is scarce, but what weighs the most is the uncertainty."
07-06-24,Hombre,"A pesar de los retos, en México también encontré refugios llenos de esperanza.","I have met people who have lost everything, except hope."
10-31-24,Hombre,"El viaje no fue fácil, pero los actos de bondad inesperados me dieron ánimos.",The support among migrants is what keeps us strong.
03-28-24,Hombre,"Cada día en México fue un nuevo obstáculo, pero seguí adelante con determinación.","The weather has been unpredictable, but we keep going."
05-27-24,Mujer,"En los momentos de desesperación, la ayuda de una familia mexicana fue un regalo.","Sometimes I feel that I will not make it, but then I look back and see how far I have come."
11-13-24,Mujer,No imaginaba cuánto aprendería sobre mí mismo en este viaje por México.,"The rumors about the dangers are constant, but so is the solidarity."
10-20-24,Hombre,"El viaje por México ha sido difícil, pero he encontrado personas que me han brindado ayuda en los momentos más complicados.","The nights are long and cold, but there is always someone who shares a blanket with you."
02-10-24,Mujer,"Cada día que paso por México es un nuevo reto, pero continúo con la esperanza de llegar a mi destino.","Every step brings me closer to a new beginning, even though the road is uncertain."
02-15-24,Hombre,"A pesar de los peligros en el camino, he encontrado apoyo entre los mexicanos durante mi travesía.","The language barrier has been difficult, but I strive to learn what is necessary."
09-22-24,Mujer,"México me ha mostrado su lado más duro, pero también he conocido personas muy generosas.","I am grateful for every little help I receive on the road, even if it is just a smile."
07-20-24,Hombre,"Pasar por México ha sido complicado, pero sigo adelante con fe en que lo lograré.",Every crossed border is a personal victory.
04-10-24,Mujer,"En el camino he sufrido mucho, pero hay momentos en los que he encontrado solidaridad inesperada.","I have seen people give up, but I cannot afford that luxury."
11-10-24,Hombre,"Mi mayor miedo es no poder seguir avanzando, pero cada paso es un logro.","Sometimes I doubt my decision, but then I remember why I started."
01-21-24,Mujer,"Los riesgos son constantes, pero la gente local a veces nos ofrece comida y refugio.",Every day is a new opportunity to get closer to my destination.
11-04-24,Hombre,"El clima y las condiciones han sido adversos, pero he visto la bondad en los lugares más inesperados.",The distance I have traveled fills me with pride.
05-14-24,Mujer,"A pesar de las advertencias, la mayoría de los mexicanos con los que he hablado han sido comprensivos.",The stories I hear from other migrants motivate me to continue.
11-11-24,Hombre,"La inseguridad es una sombra constante, pero la ayuda de desconocidos me da fuerzas para seguir.","Crossing Mexico was a constant challenge, but the solidarity of the people gave me strength to
continue."
02-21-24,Mujer,"He encontrado obstáculos que no esperaba, pero también gestos de cariño y apoyo que me animan a seguir.","The authorities in Mexico are unpredictable, but the shelters and NGOs gave me hope."
05-03-24,Hombre,"México es un país de contrastes, me he sentido en peligro y al mismo tiempo he recibido ayuda de desconocidos.","Mexico is a beautiful country, but the insecurity in some areas made me question my journey."
08-01-24,Mujer,"El trayecto por México ha sido largo y agotador, pero cada acto de bondad me impulsa a seguir adelante.","I met other migrants on my way through Mexico, and together we were able to face the
difficulties."
07-28-24,Hombre,"No todos los días son malos, en algunos pueblos la gente me ha tratado con mucha amabilidad.","Going through Mexico was not easy, but in the end, the experiences made me stronger."
08-14-24,Mujer,"A veces no sé si podré continuar, pero los pequeños actos de solidaridad me dan esperanza.","The dangers on the road were real, but the acts of kindness from Mexicans made a difference."
09-13-24,Hombre,"He conocido a otros migrantes que también han recibido apoyo, aunque todos compartimos historias de miedo.","Although I suffered a lot during my passage through Mexico, I also found people who helped me
without asking for anything in return."
03-23-24,Mujer,"Cada frontera cruzada me llena de alivio, pero la incertidumbre sigue en cada paso.","Sometimes I felt invisible in Mexico, but the small gestures of support restored my faith."
11-22-24,Hombre,"El camino está lleno de incertidumbre, pero también lleno de historias de supervivencia.","The journey through Mexico was long and hard, but every day brought me closer to my dream."
03-04-24,Mujer,"Aunque la inseguridad es un problema, he sentido la compasión de la gente en varias ocasiones.","The fear accompanied me throughout the journey through Mexico, but I did not give up."
07-20-24,Hombre,"El calor es insoportable en algunas zonas, pero la esperanza de llegar me da fuerzas.",The food and culture of Mexico gave me small joys in the midst of adversity.
06-28-24,Mujer,La gente local me ha ofrecido más de lo que podría haber esperado en momentos críticos.,"Although I did not know what awaited me in Mexico, I was surprised by the warmth of some
people."
03-18-24,Hombre,"La travesía ha sido más peligrosa de lo que imaginaba, pero he conocido personas que me han ayudado sin esperar nada a cambio.","The crossing of the southern border was the first major obstacle, but I overcame it with
determination."
01-28-24,Mujer,"A pesar de los asaltos y la violencia, hay personas que arriesgan su seguridad por darnos una mano.","In Mexico, I learned to adapt quickly to the circumstances and to move forward without looking
back."
08-18-24,Hombre,"México es difícil, pero también es un país lleno de personas generosas que comparten lo poco que tienen.","With each step in Mexico, I felt that I was leaving behind a part of my life, but gaining new
strength."
11-02-24,Mujer,"He sufrido robos en el camino, pero la gente buena siempre aparece en el momento adecuado.","Mexico was a temporary refuge, but each day there made me more aware of my vulnerability."
11-02-24,Hombre,"Hay días en que dudo si seguir, pero las palabras de ánimo que recibo de las personas me impulsan.","The uncertainty in Mexico was constant, but the dreams of a better future kept me strong."
11-05-24,Mujer,"A veces la policía es un problema, pero los ciudadanos son los que realmente nos han dado apoyo.","At some moments in Mexico, I thought about giving up, but I remembered why I started this
journey."
01-24-24,Hombre,"El hambre es un problema constante, pero la caridad de algunos mexicanos ha sido vital.",The challenges I faced in Mexico taught me lessons I will never forget.
02-27-24,Mujer,"Los albergues están llenos, pero siempre he encontrado alguien dispuesto a ofrecerme un lugar para descansar.","Although there were difficult moments in Mexico, I also found reasons to smile."
10-14-24,Hombre,"La violencia que he presenciado es aterradora, pero también he visto actos de bondad que me devuelven la esperanza.",The hospitality of some people in Mexico gave me strength to keep going.
02-17-24,Mujer,"A pesar de la dureza del camino, sigo con la fe intacta de que lograré mi objetivo.","In Mexico, I learned that perseverance is key to achieving my dreams."
11-23-24,Hombre,"Es difícil mantenerse fuerte, pero ver que otros migrantes lo logran me da ánimos para seguir.","The heat of the desert was relentless, but the help of the locals kept me standing."
09-19-24,Mujer,"He cruzado ciudades peligrosas, pero nunca faltó una mano amiga en el momento justo.","Although there were many difficulties, I always found someone willing to lend a hand."
02-14-24,Hombre,"Los caminos son inseguros, pero siempre hay alguien dispuesto a compartir su comida o agua.",Passing through Mexico made me more resilient to the challenges of the future.
01-22-24,Mujer,"Mi travesía ha sido dolorosa, pero también llena de sorpresas positivas gracias a personas amables.",The cold nights on the road made me appreciate the kindness of strangers.
09-29-24,Hombre,"Los días son largos y agotadores, pero sigo caminando con la esperanza de un mejor futuro.","I felt fear at every border, but hope never abandoned me."
02-26-24,Mujer,"A veces el miedo es insoportable, pero me aferro a las pequeñas alegrías que encuentro en el camino.","The roads were hard, but the support of other migrants was my greatest motivation."
01-27-24,Hombre,"Aunque he perdido mucho en el camino, la esperanza de llegar me mantiene en movimiento.","Mexico was just a stop, but it taught me a lot about courage."
08-06-24,Mujer,"He visto lo mejor y lo peor de la humanidad en este viaje, pero sigo adelante con la esperanza de un futuro mejor.","The authorities were sometimes harsh, but I also found compassion in some."
06-27-24,Hombre,"El viaje por México ha sido difícil, pero he encontrado personas que me han brindado ayuda en los momentos más complicados.","Despite the challenges, in Mexico I also found shelters full of hope."
05-11-24,Mujer,"Cada día que paso por México es un nuevo reto, pero continúo con la esperanza de llegar a mi destino.","The journey was not easy, but the unexpected acts of kindness encouraged me."
03-28-24,Hombre,"A pesar de los peligros en el camino, he encontrado apoyo entre los mexicanos durante mi travesía.","Each day in Mexico was a new obstacle, but I moved forward with determination."
07-30-24,Mujer,"México me ha mostrado su lado más duro, pero también he conocido personas muy generosas.","In moments of desperation, the help of a Mexican family was a gift."
07-27-24,Hombre,"Pasar por México ha sido complicado, pero sigo adelante con fe en que lo lograré.",I did not imagine how much I would learn about myself on this journey through Mexico.
12-03-24,Mujer,"He vivido mucha inseguridad durante mi paso por México, pero aún tengo la esperanza de un futuro mejor.","The journey through Mexico has been difficult, but I have found people who have offered me
help in the most complicated moments."
11-08-24,Hombre,"Las comunidades locales en México han sido muy solidarias, ofreciéndonos comida y refugio.","Each day I spend in Mexico is a new challenge, but I continue with the hope of reaching my
destination."
04-09-24,Mujer,No puedo dejar de preocuparme por la violencia en algunas regiones mientras avanzo por México.,"Despite the dangers on the road, I have found support among Mexicans during my journey."
02-11-24,Hombre,Me sorprendió la hospitalidad de algunos mexicanos que me ayudaron en el camino.,"Mexico has shown me its harshest side, but I have also met very generous people."
04-04-24,Mujer,"El miedo siempre está presente, pero sigo avanzando con la esperanza de llegar a salvo.","Passing through Mexico has been complicated, but I keep going with faith that I will succeed."
06-30-24,Hombre,El apoyo de algunas organizaciones en México ha sido clave para poder seguir adelante.,"On the road, I have suffered a lot, but there are moments when I have found unexpected
solidarity."
07-07-24,Mujer,"La incertidumbre me consume a diario, pero las personas que he encontrado me dan fuerza.","My greatest fear is not being able to keep moving forward, but each step is an achievement."
04-01-24,Hombre,"He recibido ayuda en albergues a lo largo de México, lo que ha sido un alivio en este viaje difícil.","The risks are constant, but the local people sometimes offer us food and shelter."
09-20-24,Mujer,La violencia y los robos son constantes preocupaciones mientras cruzo México.,"The weather and conditions have been adverse, but I have seen kindness in the most
unexpected places."
11-13-24,Hombre,Cada frontera en México trae consigo nuevos desafíos y peligros.,"Despite the warnings, most Mexicans I have spoken to have been understanding."
04-23-24,Mujer,"Los albergues han sido de gran ayuda, aunque no siempre están disponibles en todos los puntos del camino.","Insecurity is a constant shadow, but the help of strangers gives me strength to continue."
10-24-24,Hombre,"El camino ha sido extremadamente duro, pero los gestos de solidaridad de algunas personas me dan fuerzas.","I have found obstacles I did not expect, but also gestures of affection and support that
encourage me to keep going."
03-18-24,Mujer,He tenido momentos de mucha ansiedad y miedo por la inseguridad que hay en algunas regiones.,"Mexico is a country of contrasts; I have felt in danger and at the same time received help from
strangers."
04-02-24,Hombre,El trato recibido por las autoridades ha sido muy duro en ciertas áreas.,"The journey through Mexico has been long and exhausting, but each act of kindness drives me
to keep going."
02-27-24,Mujer,"En algunos pueblos mexicanos he recibido un apoyo increíble, aunque otros han sido indiferentes.","Not every day is bad; in some towns, people have treated me with great kindness."
09-26-24,Hombre,"La travesía por México ha sido un constante subir y bajar, con momentos buenos y malos.","Sometimes I do not know if I will be able to continue, but the small acts of solidarity give me
hope."
05-09-24,Mujer,"He encontrado lugares seguros donde descansar, pero también peligros inesperados.","I have met other migrants who have also received support, although we all share stories of fear."
06-13-24,Hombre,El desierto en la frontera es uno de los mayores retos que he enfrentado hasta ahora.,"Each crossed border fills me with relief, but uncertainty remains with every step."
05-12-24,Mujer,"México tiene paisajes hermosos, pero el viaje es agotador y lleno de incertidumbres.","The road is full of uncertainty, but also full of stories of survival."
01-31-24,Hombre,"Hay veces en las que siento que no podré continuar, pero las personas que me apoyan me motivan a seguir.","Although insecurity is a problem, I have felt the compassion of people on several occasions."
10-12-24,Mujer,"La travesía ha sido dura, pero la esperanza de una vida mejor me mantiene en marcha.","The heat is unbearable in some areas, but the hope of arriving gives me strength."
04-06-24,Hombre,"Me he topado con personas muy amables, pero también con individuos que buscan aprovecharse de nosotros.",The local people have offered me more than I could have expected in critical moments.
05-06-24,Mujer,"En cada ciudad que paso, las historias de otros migrantes me inspiran y me llenan de coraje.","The journey has been more dangerous than I imagined, but I have met people who have helped
me without expecting anything in return."
06-13-24,Hombre,"He sido testigo de situaciones muy tristes, pero también de grandes muestras de humanidad.","Despite the assaults and violence, there are people who risk their safety to lend us a hand."
06-15-24,Mujer,"Los coyotes me han asustado mucho, pero sigo adelante con fe en que llegaré a salvo.","Mexico is difficult, but it is also a country full of generous people who share what little they have."
10-29-24,Hombre,Los migrantes que conocí me han contado historias desgarradoras sobre su paso por México.,"I have suffered thefts along the way, but good people always appear at the right moment."
03-19-24,Mujer,"Mi travesía ha estado llena de obstáculos, pero también de personas que ofrecen su ayuda desinteresadamente.","There are days when I doubt whether to continue, but the words of encouragement I receive
from people drive me forward."
05-30-24,Hombre,"A veces es difícil encontrar dónde dormir, pero algunos albergues han sido un verdadero alivio.","Sometimes the police are a problem, but the citizens are the ones who have really supported
us."
03-05-24,Mujer,"El miedo a ser detenido está siempre presente, pero la esperanza de un futuro mejor me mantiene fuerte.","Hunger is a constant problem, but the charity of some Mexicans has been vital."
03-01-24,Hombre,La solidaridad de algunos mexicanos ha sido inesperada y muy reconfortante en este camino.,"The shelters are full, but I have always found someone willing to offer me a place to rest."
01-29-24,Mujer,"Los días pasan lentos y llenos de desafíos, pero la esperanza nunca muere.","The violence I have witnessed is terrifying, but I have also seen acts of kindness that restore my
hope."
02-14-24,Hombre,"A pesar de todo, sigo creyendo que podré cruzar México y encontrar una nueva vida.","Despite the harshness of the journey, I continue with the intact faith that I will achieve my goal."
05-18-24,Mujer,"Me han robado en el camino, pero no he perdido la esperanza de continuar hacia adelante.","It is difficult to stay strong, but seeing other migrants succeed gives me the encouragement to
keep going."
09-13-24,Hombre,"Los problemas que enfrentamos los migrantes en México son enormes, pero seguimos con fe.","I have crossed dangerous cities, but there has always been a helping hand at the right moment."
08-05-24,Mujer,No puedo olvidar el apoyo de las comunidades en los momentos más oscuros del viaje.,"The roads are unsafe, but there is always someone willing to share their food or water."
06-06-24,Hombre,"El viaje por México ha sido difícil, pero he encontrado personas que me han brindado ayuda en los momentos más complicados.","My journey has been painful, but also full of positive surprises thanks to kind people."
11-11-24,Mujer,"Cada día que paso por México es un nuevo reto, pero continúo con la esperanza de llegar a mi destino.","The days are long and exhausting, but I keep walking with the hope of a better future."
03-02-24,Hombre,"A pesar de los peligros en el camino, he encontrado apoyo entre los mexicanos durante mi travesía.","Sometimes the fear is unbearable, but I cling to the small joys I find along the way."
06-24-24,Mujer,"México me ha mostrado su lado más duro, pero también he conocido personas muy generosas.","Although I have lost much along the way, the hope of arriving keeps me moving."
06-21-24,Hombre,"Pasar por México ha sido complicado, pero sigo adelante con fe en que lo lograré.","I have seen the best and the worst of humanity on this journey, but I keep going with the hope of
a better future."
05-08-24,Mujer,"El miedo y la incertidumbre son constantes, pero algunos mexicanos nos han brindado comida y refugio.","The journey through Mexico has been difficult, but I have found people who have offered me
help in the most complicated moments."
10-24-24,Hombre,"Las noches son frías y llenas de peligros, pero sigo con la ilusión de un futuro mejor.","Every day I spend in Mexico is a new challenge, but I continue with the hope of reaching my
destination."
07-25-24,Mujer,"Me ha sorprendido la bondad de las personas, aunque las dificultades son muchas.","Despite the dangers along the way, I have found support among Mexicans during my journey."
03-26-24,Hombre,"En algunos lugares he recibido apoyo, pero también he visto lo difícil que es avanzar.","Mexico has shown me its harshest side, but I have also met very generous people."
10-05-24,Mujer,"He tenido que enfrentar muchos obstáculos, pero la solidaridad de algunos ha sido un gran alivio.","Going through Mexico has been complicated, but I keep moving forward with faith that I will
succeed."
10-21-24,Hombre,"Algunos tramos del camino han sido pacíficos, pero otros están llenos de incertidumbre.","I have lived with a lot of insecurity during my time in Mexico, but I still have hope for a better
future."
04-19-24,Mujer,La ayuda de las comunidades locales ha sido un respiro entre tantas dificultades.,"The local communities in Mexico have been very supportive, offering us food and shelter."
10-05-24,Hombre,"Sigo avanzando, aunque el cansancio físico y emocional es constante.",I cannot stop worrying about the violence in some regions as I move through Mexico.
05-28-24,Mujer,"Hay momentos en que me siento seguro, pero otros en los que todo parece incierto.",I was surprised by the hospitality of some Mexicans who helped me along the way.
11-12-24,Hombre,Las historias que he escuchado en el camino son tanto de sufrimiento como de esperanza.,"Fear is always present, but I keep moving forward with the hope of arriving safely."
08-04-24,Mujer,"La inseguridad es grande, pero también he encontrado actos de generosidad inesperados.",The support from some organizations in Mexico has been key to being able to move forward.
02-29-24,Hombre,"A pesar de todo, mantengo la esperanza de un futuro mejor al otro lado de la frontera.","The uncertainty consumes me daily, but the people I have met give me strength."
07-20-24,Mujer,"El camino está lleno de peligros, pero la fe me mantiene en movimiento.","I have received help in shelters throughout Mexico, which has been a relief on this difficult
journey."
03-01-24,Hombre,"He aprendido a sobrevivir con poco, pero el apoyo ocasional de la gente es invaluable.",Violence and theft are constant concerns as I cross Mexico.
06-30-24,Mujer,"Cada paso es un desafío, pero no pierdo la esperanza de llegar a mi destino.",Each border in Mexico brings new challenges and dangers.
11-25-24,Hombre,"Algunos tramos del camino han sido seguros, mientras que otros me han hecho temer por mi vida.","The shelters have been very helpful, although they are not always available at every point along
the way."
11-11-24,Mujer,"He encontrado personas que nos ayudan con lo que pueden, lo cual me da fuerzas para seguir.","The road has been extremely hard, but the gestures of solidarity from some people give me
strength."
03-06-24,Hombre,"La travesía ha sido más difícil de lo que imaginé, pero sigo adelante con fe.",I have had moments of great anxiety and fear due to the insecurity in some regions.
06-22-24,Mujer,"Las dificultades son muchas, pero la ayuda que recibo en el camino es un rayo de esperanza.",The treatment received from the authorities has been very harsh in certain areas.
09-09-24,Hombre,"A veces, la solidaridad de los mexicanos es lo único que me impulsa a seguir.","In some Mexican towns, I have received incredible support, although others have been
indifferent."
08-09-24,Mujer,"El miedo a ser capturado está presente, pero los pequeños gestos de ayuda hacen la diferencia.","The journey through Mexico has been a constant up and down, with good and bad moments."
10-10-24,Hombre,"Cada día es una lucha, pero los actos de bondad que encuentro en el camino me mantienen en pie.","I have found safe places to rest, but also unexpected dangers."
04-05-24,Mujer,"El cansancio es inmenso, pero sigo con la ilusión de llegar al otro lado.",The desert at the border is one of the greatest challenges I have faced so far.
06-05-24,Hombre,"La travesía es peligrosa, pero no pierdo la fe en la bondad de las personas.","Mexico has beautiful landscapes, but the journey is exhausting and full of uncertainties."
03-25-24,Mujer,He recibido comida y agua de personas que entienden la difícil situación que enfrentamos.,"There are times when I feel that I will not be able to continue, but the people who support me
motivate me to keep going."
02-11-24,Hombre,"Aunque el camino es incierto, las palabras de aliento de algunos mexicanos me dan fuerzas.","The journey has been hard, but the hope for a better life keeps me moving."
02-03-24,Mujer,"El apoyo que he recibido en México me ha sorprendido, aunque el miedo no desaparece.","I have encountered very kind people, but also individuals who seek to take advantage of us."
08-07-24,Hombre,"Las dificultades no cesan, pero los pequeños gestos de apoyo me permiten seguir adelante.","In every city I pass through, the stories of other migrants inspire me and fill me with courage."
10-08-24,Mujer,He visto lo mejor y lo peor de las personas en este viaje por México.,"I have witnessed very sad situations, but also great displays of humanity."
06-23-24,Hombre,"Aunque he pasado por momentos de desesperación, siempre encuentro alguna razón para seguir.","The coyotes have scared me a lot, but I keep going with faith that I will arrive safely."
06-08-24,Mujer,"La incertidumbre es abrumadora, pero también lo es la esperanza que siento al avanzar.",The migrants I met have told me heartbreaking stories about their passage through Mexico.
09-25-24,Hombre,"Hay lugares en México donde me he sentido protegido, pero otros son demasiado peligrosos.","My journey has been full of obstacles, but also of people who offer their help selflessly."
10-16-24,Mujer,"A veces me siento solo en este viaje, pero los gestos de bondad me recuerdan que no estoy completamente solo.","Sometimes it is difficult to find a place to sleep, but some shelters have been a true relief."
05-09-24,Hombre,"El peligro es constante, pero la ayuda de extraños ha sido un salvavidas.","The fear of being detained is always present, but the hope for a better future keeps me strong."
07-02-24,Mujer,"El camino ha sido largo y duro, pero la esperanza de un mejor futuro sigue viva en mí.",The solidarity of some Mexicans has been unexpected and very comforting on this journey.
01-20-24,,,"The days pass slowly and full of challenges, but hope never dies."
08-15-24,,,"Despite everything, I still believe that I will be able to cross Mexico and find a new life."
12-07-24,,,"I have been robbed on the way, but I have not lost the hope of moving forward."
08-21-24,,,"The problems we migrants face in Mexico are enormous, but we continue with faith."
09-12-24,,,I cannot forget the support of the communities in the darkest moments of the journey.
,,,"The journey through Mexico has been difficult, but I have found people who have offered me
help in the most complicated moments."
,,,"Each day I spend in Mexico is a new challenge, but I continue with the hope of reaching my
destination."
,,,"Despite the dangers on the road, I have found support among Mexicans during my journey."
,,,"Mexico has shown me its harshest side, but I have also met very generous people."
,,,"Passing through Mexico has been complicated, but I keep moving forward with faith that I will
succeed."
,,,"Fear and uncertainty are constant, but some Mexicans have provided us with food and shelter."
,,,"The nights are cold and full of dangers, but I continue with the illusion of a better future."
,,,"I have been surprised by the kindness of people, although the difficulties are many."
,,,"In some places, I have received support, but I have also seen how difficult it is to advance."
,,,"I have had to face many obstacles, but the solidarity of some has been a great relief."
,,,"Some stretches of the road have been peaceful, but others are filled with uncertainty."
,,,The help from local communities has been a breath of fresh air amid so many difficulties.
,,,"I keep moving forward, although physical and emotional exhaustion is constant."
,,,"There are moments when I feel safe, but others when everything seems uncertain."
,,,The stories I have heard along the way are both of suffering and of hope.
,,,"Insecurity is great, but I have also found unexpected acts of generosity."
,,,"Despite everything, I maintain hope for a better future on the other side of the border."
,,,"The road is full of dangers, but faith keeps me moving."
,,,"I have learned to survive with little, but the occasional support from people is invaluable."
,,,"Each step is a challenge, but I do not lose hope of reaching my destination."
,,,"Some stretches of the road have been safe, while others have made me fear for my life."
,,,"I have found people who help us with what they can, which gives me strength to continue."
,,,"The journey has been more difficult than I imagined, but I keep moving forward with faith."
,,,"The difficulties are many, but the help I receive along the way is a ray of hope."
,,,"Sometimes, the solidarity of Mexicans is the only thing that drives me to keep going."
,,,"The fear of being captured is present, but the small gestures of help make a difference."
,,,"Each day is a struggle, but the acts of kindness I find along the way keep me standing."
,,,"The exhaustion is immense, but I continue with the illusion of reaching the other side."
,,,"The journey is dangerous, but I do not lose faith in the goodness of people."
,,,I have received food and water from people who understand the difficult situation we face.
,,,"Although the road is uncertain, the words of encouragement from some Mexicans give me
strength."
,,,"The support I have received in Mexico has surprised me, although the fear does not disappear."
,,,"The difficulties do not cease, but the small gestures of support allow me to keep moving
forward."
,,,I have seen the best and the worst of people on this journey through Mexico.
,,,"Although I have gone through moments of despair, I always find some reason to keep going."
,,,"The uncertainty is overwhelming, but so is the hope I feel as I move forward."
,,,"There are places in Mexico where I have felt protected, but others are too dangerous."
,,,"Sometimes I feel alone on this journey, but the gestures of kindness remind me that I am not
completely alone."
,,,"The danger is constant, but the help from strangers has been a lifesaver."
,,,"The road has been long and hard, but the hope for a better future remains alive in me."
,,,They are tall. I hope to arrive at my destination safe and sound.

