keyword,created_at,user_id,text
extorsión,2024-07-09 05:43:51+00:00,85943268,"@delfinagomeza Y eso qué..! No se ha bajado la delincuencia, al contrario cada día hay más..! Más extorsión! Más cobro de piso, peor el transporte, peor las inundaciones por falta de servicios públicos! 

El Estado de México cada día peor..!"
extorsión,2024-07-09 05:34:21+00:00,1701343598220840960,"@Notisistema Ellos se reportan a los altos mandos de ahi deciden de cuánto es la mordida 

En realidad llevan complicidad con diputados solo para dar forma de extorsión

El rollo de las sillas para menores, sera igual. Si de verdad fuera por los niños
Abria una solución para UberS y Autobuses"
extorsión,2024-07-09 05:33:49+00:00,1655958977354817537,El chantaje crece sin contención https://t.co/5cN9CVoeIJ
extorsión,2024-07-09 05:25:16+00:00,1544440834938077185,"@madorni Aplaudo la extorsión.   Se ve que surtió efecto. 
Pero si no cumplen. Vayan pidiendo asilo en Bali.
😉"
extorsión,2024-07-09 05:24:47+00:00,1585397205376139273,"No mames seguro ese es el menor de su delitos, desde de aquí se nota narcomenudeo, extorsión, robo a transeúntes y establecimientos, y hasta homicidio por lo menos uno o una. https://t.co/txaSWrnJau"
extorsión,2024-07-09 05:22:37+00:00,304982169,"@elgatopolitico_ Jajaja seguro que si jajaja de seguro cobra sus moches x extorsión jajajaja,"
extorsión,2024-07-09 05:19:14+00:00,1549747229778329601,"@juncalssolano @Martin_Bazan_A Bueno, si este tipo ""Alito"" parece conocer quienes tramaron el asesinato de Colosio, si no lo rebela,no es complice?
Si lo sabe deberia rebelarlo y no chantajear o amenazar a los priistas para que se callen.
No es extorsión?
Delitos que le pasan de noche a nuestros ""periodistas"""
extorsión,2024-07-09 05:14:38+00:00,1445064423912181761,"@jparedescordova El vejestorio es nostálgico de una dictadura que aplicaba casi los mismos métodos de extorsión que los narcos, así que será la alternativa 2"
extorsión,2024-07-09 05:13:26+00:00,1092303854924787713,"Al final él se lo dió a ella y las personas que estábamos en ese canal comentamos que podía ser una extorsión o el inicio de grooming. Sin embargo, parecía que no era la primera vez que él le daba o pedía el número a una menor. Después ella le dijo que mejor todo por el juego."
extorsión,2024-07-09 05:12:15+00:00,1390820345339318273,"Asesinan de más de 20 tiros a presidenta de Cámara de Pesca en Ensenada, denunciaba cobro de piso y extorsión https://t.co/w5W8ubfPRY via @Punto Norte"
residencia,2024-07-09 05:45:00+00:00,1039780670120361984,El cambio de la fábrica de Marie Claire en Castelló: una residencia de estudiantes con 167 habitaciones  https://t.co/cII8RUID75
residencia,2024-07-09 05:44:56+00:00,3063851409,Cuántas trabajadoras debe haber en una residencia de mayores? Lo que dice la ley frente a la cruda realidad… https://t.co/01WoDS2CHm
residencia,2024-07-09 05:44:48+00:00,196164638,"❌ ACTIVIDADES CONTRADICTORIAS EN INCAPACIDAD TEMPORAL (IT)

🏡 Milagrosa trabaja en una Residencia de Ancianos 

🏥 Inicia proceso de IT por lumbalgia el 05/11/14 y es dada de alta poco después. Sufre recaída el 18/12/14 y se le da de alta nuevamente.. 👇🏼 https://t.co/l5FhdkJtxE"
residencia,2024-07-09 05:41:28+00:00,195586192,"@tarekawilianaSa Es una residencia presidencial, en teoría tiene décadas construida"
residencia,2024-07-09 05:41:07+00:00,1776790689952788480,"@lopezobrador_ La causa pública, con residencia en Badiraguato. https://t.co/6SjtVjMUAk"
residencia,2024-07-09 05:38:00+00:00,742261140764413953,Pedraz investiga cómo un venezolano consiguió la residencia a cambio del bulo de la cuenta de Pablo Iglesias en el Caribe https://t.co/ThzH0kZfDD vía @eldiarioes
residencia,2024-07-09 05:35:54+00:00,210406302,@casadelcribero Aumentar un 15% la pensión a los pensionistas que fijen ahi su residencia.
residencia,2024-07-09 05:33:18+00:00,1285976038632296456,"No hagan una residencia, es una trampa"
residencia,2024-07-09 05:32:01+00:00,856099723849203712,Voy a hacer una recolección de firmas por la residencia para que pongan persianas
residencia,2024-07-09 05:31:29+00:00,1311783922859155457,El bulo de OKdiario contra Pablo Iglesias amplificado por Ferreras se hizo a cambio de un permiso de residencia https://t.co/TZzWfVPwec vía @diario_red_
solidaridad,2024-07-09 05:44:39+00:00,1674408785178132485,"@juanmalamet Si quieres ser solidario LLEVATELOS A TU CASA A CUENTA Y RIESGO..eso es ser solidario,n pretender serlo con lo de todos.TODOS,QUIERE DECIR Q TAMBIÉN HAY PERSONAS Q N QUEREMOS ESA SOLIDARIDAD!q por cierto,SOLIDARIDAD Q N HAY CON LOS ESPAÑOLES Q TAN MAL LO ESTÁN PASANDO!!HIPÓCRITA!"
solidaridad,2024-07-09 05:43:11+00:00,63452413,"Es muy jodido. Hay quienes se juegan su empleo, por eso es raro que exista solidaridad. https://t.co/PKB7cgoyKp"
solidaridad,2024-07-09 05:42:47+00:00,2338514348,@CapitanBitcoin Ale amigo ve preparando habitaciones en tu casa. Solidaridad empezando por uno mismo.
solidaridad,2024-07-09 05:42:27+00:00,1765925766729023490,@ENFOQUE360Rep SOLIDARIDAD NACIONAL
solidaridad,2024-07-09 05:42:08+00:00,752949872,"@MarinArgenta @LuisAutalan me hace bien Marina tu abrazo, mas que la empatía la reciprocidad ,se  que me tengo a mi también todavía y recibo con alegría tu abrazo virtual ,el que retribuyo,ni hablemos de la solidaridad ,el cariño de los viejos tiempos humanos que alguna vez conocimos"
solidaridad,2024-07-09 05:41:51+00:00,1493554758480764940,"@CiroGomezL @saskianino Si estiviéramos en Singapur... a un animal de esos... lo colgarían en la misma cárcel...

Y si alguna ""autoridad"" se colude o le dan una ""Condena Patito""... Igual, colgarían a TODOS los involucrados.

Mi solidaridad contigo en ésto, Ciro...
🧵"
solidaridad,2024-07-09 05:39:49+00:00,1209184292494028800,"@PSOE @mjmonteroc La solidaridad de la delincuencia, los polvos blancos y el chorizeo."
solidaridad,2024-07-09 05:38:53+00:00,1288465855735529473,"@oscarpepecastro @cayetanaAT Valores?

Si es una hipócrita?

- Pactan con los Lepenistas de Vox
- Apoyan al genocidio de Netanyahu, q UE y ONU critican
- van cambiando el discurso sobre solidaridad con inmigrantes, pactos de Estado
- llaman o no terrorista a Puigdemont según les conviene 

😂🤮

Son un meme"
solidaridad,2024-07-09 05:38:01+00:00,1421849301685350435,"@GerardoEichelm6 @fetrovsky @Patrioticos_RD Chinga tu madre anormal.
tener empatía y solidaridad con un pueblo que está siendo asesinado no me convierte en un maricón como tú; anda a que te metan la verga los sionistas y de paso llévate a tu puta madre."
solidaridad,2024-07-09 05:38:01+00:00,3145286010,"@smaciasr @IMSSBIENESTAR En una conducta q se debe castigar desde el director de la institución...es crueldad inaudita...nuestra solidaridad con su la familia de este joven militar
La ciudadanía observa"
frontera norte,2024-07-09 04:00:22+00:00,73440795,"💸📊 En la Zona Libre de la Frontera Norte, el salario mínimo es de $374.89. ¿Es suficiente? Descúbrelo. #Salario #Inflación #Trabajo Fuente: Indeed https://t.co/mUstbZO1Yg"
frontera norte,2024-07-09 03:33:41+00:00,1237804678286639106,"Análisis de superficie 🇵🇦 72 hrs.
Vaguada Monzonica al norte de Panamá.
Baja Presión en la frontera con Colombia.
Onda Tropical sobre Venezuela.
Ojo con la Vaguada qué puede dejar el paso de la siguiente onda Tropical y su interacción con los Sistemas locales. @donderisja https://t.co/S0pZFeArrO"
frontera norte,2024-07-09 03:01:19+00:00,2910221164,"Ella es una amenaza para Chile.
Sacó las minas de la frontera norte, por orden de la onu, y permitió la entrada de todo tipo de delincuentes.
Pero se forró y consiguió pega de ""alta comisionada"".
(Claro que ligerito la echaron por penca.) https://t.co/EczvmguBD2"
frontera norte,2024-07-09 02:50:24+00:00,269875850,@T13 Solo conduscanlos hasta la frontera norte y PLR  hasta nunca plastas
frontera norte,2024-07-09 01:27:44+00:00,148372339,"Un trágico accidente ocurrió en los límites de Sonora y Sinaloa, cuando un tráiler con destino a la frontera norte con los Estados Unidos lleno de migrantes indocumentados se estrelló.

📹: Especial https://t.co/JGJZ1qhhWx"
frontera norte,2024-07-09 01:16:45+00:00,1604578255738212353,"@ArgentinoProm_ Integracion fronteriza? De que habla? Se paso de copas y empezo a decir pavadas, integracion fronteriza mis polainas, hay que hacer un muro en toda la frontera norte"
frontera norte,2024-07-09 01:13:00+00:00,181238345,@El_Universal_Mx Ojalá comuniquen la frontera norte del país incluyendo Monterrey
frontera norte,2024-07-09 01:04:51+00:00,1104636120,"@GabrielBoric En la frontera norte ingresan entre 300 y 400 inmigrantes a diario,ahi esta la base del aumento de la delincuencia,para frenar eso no necesitas inteligencia artificial,solo debes ver las noticias! Cuanto les estara pagando Maduro por dejar que ingresen los venezolanos!!"
frontera norte,2024-07-09 01:00:03+00:00,1433802389178535937,"EE.UU.🇺🇸 cambió sus políticas en la frontera, pero las personas refugiadas y migrantes sin documentación aún pueden solicitar citas en un puerto de entrada, a través de la aplicación gratuita CBP One. Deben estar en el centro o el norte de México🇲🇽

👉 https://t.co/hYgqIAana2 https://t.co/BgEKShK7c3"
frontera norte,2024-07-09 00:29:53+00:00,1618988351419195392,"🇦🇷⭕️Proceda Presidente Milei, ponga en práctica el ""Ningún ministro está asegurado"" es hora de renovar el puesto de cancillería, nosotros no queremos ninguna ""integración fronteriza"" lo votamos para CIERRE TOTAL de la frontera norte y si es posible un MURO. 
No es por acá. https://t.co/RG1gNp7UNk"
rutas peligrosas,2024-07-08 20:00:19+00:00,360873356,#Migración | El cierre de los puntos de cruce estratégicos en esta densa selva ha obligado a los migrantes a buscar rutas alternativas más peligrosas y menos monitoreadas. Esta situación los expone a mayores riesgos de explotación y violencia: https://t.co/f9NvWUl5oj
rutas peligrosas,2024-07-08 18:41:05+00:00,119051398,"Cada vez más migrantes y refugiados en África se dirigen al norte a través del desierto del Sáhara, las rutas terrestres son peligrosas, ya que son víctimas de esclavitud, extracción de órganos, violaciones, secuestros y otros abusos. #ElFinancieroTV
📺: @OmarCepedaCastr https://t.co/hEyEVF59Iq"
rutas peligrosas,2024-07-08 11:46:01+00:00,1400172247,"Cerrar el Darién no resuelve la crisis migratoria; al contrario, la empeora. Los migrantes siempre buscarán rutas más peligrosas para pasar poniendo, AÚN más, su vida en riesgo. Creo que hay que verlo como un problema humanitario y no como un problema económico. https://t.co/U6OoSCfTAQ"
rutas peligrosas,2024-07-08 00:38:11+00:00,1774104694467522560,"Tiene 1200 kilómetros de extensión, atraviesa zonas aisladas y es considerada una de las rutas más peligrosas de Chile via @ASChile https://t.co/59bjvW1re9"
rutas peligrosas,2024-07-07 21:41:07+00:00,3921817947,"@AdryOcampoM Las rutas de santa Elena están hace un tiempo peligrosas, nunca hacerlas sola."
rutas peligrosas,2024-07-06 18:51:18+00:00,1787650975152447488,@piscosommelier Son peligrosas esas rutas 😨😨 lo bueno que tienes otra oportunidad
rutas peligrosas,2024-07-06 17:40:02+00:00,1748021970459869184,"🇨🇷 #CentralNoticias | 5 rutas peligrosas concentran mayoría de incidentes por lluvias.

Entre estas vías se encuentra la ruta 32, conocida por sus constantes cierres por deslizamientos.

https://t.co/UD3ND1cPhE"
rutas peligrosas,2024-07-06 14:34:20+00:00,3215367406,@MP_Honduras @PoliciaHonduras @IHTT_HN @drcumana @hegusave @MovilidadAMDC @villanuevasemma 10/ Zonas peligrosas para el transporte: Rutas específicas en el Distrito Central son peligrosas debido a la presencia de pandillas como Barrio 18 y MS-13.
rutas peligrosas,2024-07-06 03:38:03+00:00,3306315704,"Cada vez más migrantes y refugiados en África se dirigen al norte a través del desierto del Sáhara, las rutas terrestres son peligrosas, ya que son víctimas de esclavitud, extracción de órganos, violaciones, secuestros y otros abusos. #ElFinancieroTV
📺: @OmarCepedaCastr https://t.co/6nUi32mGRv"
rutas peligrosas,2024-07-06 01:20:31+00:00,119750943,"Tiene 1200 kilómetros de extensión, atraviesa zonas aisladas y es considerada una de las rutas más peligrosas de Chile
https://t.co/7klfGsxlmd"
apoyo,2024-07-09 05:45:09+00:00,1750664145958023168,"@BelTheNew @C0LDTEK / apoyo la nocion, deberian besarse 🫵🫵"
apoyo,2024-07-09 05:45:00+00:00,1542100661961105409,@fresagotik apoyo
apoyo,2024-07-09 05:44:58+00:00,1465471374173089803,"@petrogustavo Ya es hora del tatequieto a la prensa basura y  a ciertas personas que se creen periodistas , pero no son más que simples arrodillados a los pocos que quieren ver mal a los muchos , apoyo total a nuestro presidente GUSTAVO PETRO"
apoyo,2024-07-09 05:44:57+00:00,537748368,"El @Edomex abrió este lunes 8 de julio el registro de aspirantes a beneficiarias del programa de Desarrollo Social “Apoyo al Desempleo para el Bienestar"" de la Secretaría de Trabajo estatal.
Las inscripciones podrán ser en línea o en forma presencial.
https://t.co/Y8hNZxzmqn"
apoyo,2024-07-09 05:44:51+00:00,1478062616027275271,"Siempre van a ser mi apoyo, mi motivación, mi alegría, mi todo. Me siento orgullosa de poder apoyarlos tanto como ustedes a mi, los AMOOO😭💜.

#11THARMYDAY
#HappyBirthdayARMY 
HAPPY ARMY DAY #ARMYDAY https://t.co/1FVK5OcKap"
apoyo,2024-07-09 05:44:49+00:00,1173036968130875393,@Etanibrut @ElPelos0 Si te apoyo un poco pero wey al chisme ta' bueno jaja
apoyo,2024-07-09 05:44:36+00:00,1250181098094690307,@hombregrisxd @JMilei Siiiiiiiiiii total apoyo al presidente
apoyo,2024-07-09 05:44:33+00:00,3434261025,La hipocresía de una identidad social centrada en ser apoyo y compañía; cuando tengo tres hermanos que apenas me tienen confianza y uno de ellos está internado; tengo tres mejores amigos de los cuales me olvido por meses; y no he visitado a mi padre en un año...
apoyo,2024-07-09 05:44:31+00:00,1524728624145965058,"BALANCE | CLUB | 

🩷 A nuestra Marea Rosa, siempre incondicional, siempre ejemplar, con su apoyo fiel y leal y animando y dando colorido allá donde se ha desplazado.

👏 Muchas gracias, con vosotros… Jugamos 6! 

#AndreuLinaresEFS #FutsalParaTodos⭐️ https://t.co/UsND57QGPc"
apoyo,2024-07-09 05:44:22+00:00,459387908,@QuintelaRicardo VLLC!! Lo logró!!! Sin tu apoyo se firmó con amplia mayoría! 🇦🇷🇦🇷🇦🇷🇦🇷 https://t.co/tK5be01qQX
recursos,2024-07-09 05:45:06+00:00,1810115909224398848,"@infopresidencia @petrogustavo Si en lugar de ""asignar"" recursos dejara de chuparselos al pueblo empobrecido, el tejido verdaderamente productivo del país florecería. El estado no es la solución,  es el problema."
recursos,2024-07-09 05:44:41+00:00,1564326400177455111,"@hombregrisxd @JMilei ¿Un idiota entrega recursos a los ""desarrollados"" o los usa para ""DESARROLLARSE""?"
recursos,2024-07-09 05:44:24+00:00,1599429159662469120,@DepreEconomica China invierte en extracción de recursos pero construye infraestructuras para los locales. Los anglosajones extraen recursos pero no construyen nada para los locales. Esa es la realidad y verdad sin ningún tipo de ideologización anti-china ni pro-china.
recursos,2024-07-09 05:44:08+00:00,956175247945773056,@SinEmbargoMX 100 años de corrupción 100 años de narco menudeo 100 años de robar al país 100 años de matar robar saquear 100 años de vender nuestro país a otras naciones nuestras playas nuestros recursos naturales 100 años de esclavitud de vernos la cara 100 años de no hacer progresar a México
recursos,2024-07-09 05:44:05+00:00,1375323883398647809,"@butterflyasme en el contexto político en el que vive pearl, maxxine si tenía más privilegios, esta tenía más recursos y amigos con los que conseguir contactos cineastas, pearl aunque lo intentara no lo lograria. Y como dijo su cuñada, la guerra iba a dejar a Europa en ruinas, no iba a ir alla"
recursos,2024-07-09 05:43:16+00:00,1327080347947986944,"@Amadoelquelolea @INEMexico El mundo al revés,  la narcocandidat4 violo todo todo lo habido y por haber en su campaña por la presidencia y ya es presidenta,  el narcopresident3 usó todo la fuerza del estado y recursos públicos para apoyar a su candidata,  y el INE se voltea para otro lado ?"
recursos,2024-07-09 05:41:50+00:00,1136368729795813376,"@PNCSV Regando veneno en helicópteros a lo ENDEJO. Sobre ríos y población civil. Nambe , gastando recursos a lo  BESTIA 🙄🙄🙄🙄"
recursos,2024-07-09 05:41:45+00:00,1564326400177455111,@yaninamilei Al que le roba recursos a la niñez no se puede bancar ¿No?
recursos,2024-07-09 05:41:40+00:00,1384260682271449089,"@ElbuenEchoes No las adaptas todas, adaptas solo la ruta mixta y explicas que no era la única opción usando los recursos audiovisuales del medio. Para que hacer minecraft story mode o la que hubo alguna vez de Black Mirror? Eso solamente seria transformar un RPG a una novela visual"
recursos,2024-07-09 05:41:06+00:00,119745009,"@ESnomanu Más o menos como hicieron los blanquitos cuando llegaron a África a sacarle todos los recursos, ahí supongo que no había queja, ahora a soportar lo sembrado 🤷🏻‍♂️"
travesía,2024-07-09 05:44:52+00:00,1685591045101203456,"Rubén Gutiérrez se queda a las puertas del podio en la travesía de El Puerto

https://t.co/2FeiKGOV6C https://t.co/o6H0GHZkVh"
travesía,2024-07-09 05:44:42+00:00,1230592963593592840,"Leyenda con Wheel Warlock 
de rango 4 a 1. Luego cayendo a rango 4 de nuevo hasta llegar a leyenda, todo una travesía 😂 https://t.co/FEb0mgZcXt"
travesía,2024-07-09 05:34:55+00:00,1499435194264133645,@omegacoid @Aramreviews Tremendo yo empecé por mi padre que se desvelaba a las 5 a.m. en el canal 5 de 10 a 12 dragón Ball y en el canal 7 de 1 a 5 los caballeros del zoológico the lost cambast y empese con mi travesía
travesía,2024-07-09 05:21:18+00:00,825503761821007872,Se podría decir que Auron en el supermarket simulator siempre fue Toni en su travesía por levantar sus Kerule? Y así fue como comenzó? Heavy https://t.co/Le1Cgw8Eh8
travesía,2024-07-09 05:11:47+00:00,4268440035,@chiaraoliver la travesía más larga de su vida que son estas horas?
travesía,2024-07-09 05:10:15+00:00,1760521597654642688,@eliqabet Gracias por acompañarlo en su travesía hacia mi panza 🙏
travesía,2024-07-09 05:09:21+00:00,85788285,"Viajes imposibles (1): un crucero con Homero por las islas griegas 

Navegamos el mar Egeo en tiempos de Ulises. Ojo con los cíclopes, las sirenas y otros peligros que nos complicarán la travesía. 
https://t.co/70Kpbn3ZO2"
travesía,2024-07-09 05:02:17+00:00,1078182828855066627,"Literal esto es tan cierto, leer BAB es toda una travesía deprimente pero leer los extras fue lo más hermoso que pasó https://t.co/gcR8dWxnP6"
travesía,2024-07-09 04:39:29+00:00,1358725195008204800,"ACAVyT en la celebración del 50 aniversario de @FOexpress, un viaje conmemorativo entre Los Cristianos y Tenerife, reviviendo la travesía de 1974 que unió por primera vez ambas islas.

📸 En la imagen parte de la directiva junto a Andrés Marín, director general de la compañía. https://t.co/M3mXow2630"
travesía,2024-07-09 04:37:39+00:00,1574889726196285441,En la travesía de la soledad alcanzo a percibir el sonido de mi voz interior.
hijos,2024-07-09 05:45:12+00:00,295425838,hijos de puta 😍 https://t.co/LnqcQYdo3O
hijos,2024-07-09 05:44:57+00:00,1767115500994084864,"@larazon_es Bueno pues si este merluzo no tiene hijos, mejor que mejor…"
hijos,2024-07-09 05:44:55+00:00,1445462134750515209,"eh, quien me likea con candado hijos de re mil, me da curiosidad"
hijos,2024-07-09 05:44:53+00:00,1104618079,@FranNunesEcon @laSextaXplica Imagina trabajar toda tu vida para dejar algo a tus hijos y que el estado te obligue a darle un % antes de cobrar. A que persona en su sano juicio le parece bien?
hijos,2024-07-09 05:44:47+00:00,861717170,"Pq Sofía genera tanto odio? Es luchadora, participativa, fuerte. Que mas queréis de una tía que siempre se queda hasta el final? Si dijo que ella se siente plena, cm va a ser referido al embarazo si ella no tiene hijos, suelta lo del baby boom por ironía #TierraDeNadieAllStars3"
hijos,2024-07-09 05:44:44+00:00,1912716470,"@josevico4 @Rparre84 ¿Cómo es posible que todavía no se haya organizado un grupo de acción directa para detener a esos hijos de puta?
Cobardes!"
hijos,2024-07-09 05:44:42+00:00,346957900,"@pablo_majluf Al final la revolución de las conciencias que pregonaba Gibrán, se tradujo solo en un mastodóntico Robin Hood que se queda con la mayor parte para sus hijos y amigos, el resto lo reparte bajo la amenaza de quitárselo a quienes le pidan cuentas.
Y pues…
Nada."
hijos,2024-07-09 05:44:34+00:00,1368826422081581059,"@elilvschan Ay amix, no le caen bien ni sus propios hijos, nos conviene mejor encerrarlo en su cuarto"
hijos,2024-07-09 05:44:27+00:00,309726485,"Es bien común ver  mamás solteras viviendo, y comportandose cómo si no tuvieran hijos, porque sus madres les están cuidando las bendis qué ellas deberían de cuidar. https://t.co/UoNM8s7hgt"
hijos,2024-07-09 05:44:17+00:00,467910775,"@Yonatan2521 @trainer_adrian ¿A quién le va a doler qué?
Puto chemo malparido, eres una mierda.
Por eso tu equipo es una cagada, lo representan muy bien sus aficionados. Síguela mamando, los traemos de hijos, y esa verga todavía hace mella en tu culo guango. Te topo en tu estadio prestado, puto arrimado 💪🏻💩"
alivio,2024-07-09 05:39:38+00:00,1737641416506122240,"Una advertencia de calor excesivo estará vigente de martes a jueves por la noche en la región de LA.

Debemos continuar brindando alivio a los Angelinos durante este calor y extenderemos el horario del Centro de enfriamiento aumentado hasta este jueves 11 de julio de 10am a 9pm. https://t.co/7mXlZzrhU2"
alivio,2024-07-09 05:30:00+00:00,872344118,"UNI || 😮‍💨 ALIVIO con TYSON CARTER en el MARTÍN CARPENA... 

➕  SUBIDA CONSIDERABLE de la CLAÚSULA de uno de los jugadores más talentosos de @unicajaCB 

#MerchanEnDirecto &gt;&gt;&gt;
https://t.co/Jd60O6QINB"
alivio,2024-07-09 05:29:52+00:00,1810451727340158976,"Ropa lista para guardar en un alivio 😮‍💨 

Márcanos .

#Lavanderia #Zapopan #guadalajara #lacalma #ciudadgranja #marianotero #Lasaguilas #Elfortin #aviacion #cañadas https://t.co/vDxFGIkVzz"
alivio,2024-07-09 05:24:48+00:00,91612785,"""Puedo salir de casa sin avergonzarme de mi país”: una sensación de alivio recorre la Francia antifascista
 https://t.co/5y9G8Ez1tY vía @_infolibre"
alivio,2024-07-09 05:23:55+00:00,1606663105806745602,entender q no puede darme lo q le pido y q eso no es mi culpa se siente como sacarse una tonelada de encima que alivio
alivio,2024-07-09 05:21:44+00:00,1808695409046663174,@ReeinaSoberbia Gran alivio.
alivio,2024-07-09 05:14:51+00:00,1178150996230303744,"El acto fue un conjuro de alivio para Florentino Ariza, pues cuando guardó el violín en el estuche y se alejó por las calles muertas sin mirar hacia atrás, no sentía ya que se iba la mañana siguiente,"
alivio,2024-07-09 05:12:38+00:00,834104324145963008,@chiaraoliver que alivio que hayan llegado sanas https://t.co/ZItGPWDMHJ
alivio,2024-07-09 05:12:17+00:00,1800580301388689408,–Hah. Va a ser que no. El celo me tiene frita y esto es un alivio momentáneo antes de empezar a trabajar. https://t.co/aNZvN69RJO
alivio,2024-07-09 05:09:16+00:00,1040665724757450758,Qué alivio trabajar al lado de alguien con los mismos gustos musicales que yo ❤️‍🔥
gratitud,2024-07-09 05:29:24+00:00,972913946,"@furiarumors Hay q arrobar a @CostaOkis para q mañana no se haga la ofendida,no invente ni tergiverse. Ella mostró desprecio ante la gratitud que @FuriaScaglione  expresaba a sus fans,mostrando los regalos q le hacían.
Le dio d su ""misma medicina"",tal vez se cure!? 😉😘"
gratitud,2024-07-09 05:29:18+00:00,1475547143234588679,"@SomosCruz_Azul El problema no es el club danés, el problema es el representante que quiere llevarse su moche y que el Azul lo suelte por gratitud"
gratitud,2024-07-09 05:22:21+00:00,1174018932971364354,"@estebanbullrich @Aerolineas_AR Estimadisimo Esteban. Enorme gratitud y profunda admiración. La mayor emoción, profundas lágrimas, fue verte en la llegada de este acto histórico.Tu integridad, honestidad y sabiduría,es un ejemplo a seguir no sólo para los  políticos, sino para la mayoría de las personas de bien"
gratitud,2024-07-09 05:21:44+00:00,1752855619688706048,"@idgorostidi Decirte enferma es muy fuerte, amor. Te recomiendo palabras de gratitud para tratar tu problema. Acordate de hacer bien las afirmaciones. Abrazo ❤️"
gratitud,2024-07-09 05:17:11+00:00,1656652527910232064,Sus lágrimas de gratitud nos recordaron la importancia de la esperanza y la compasión.
gratitud,2024-07-09 05:11:33+00:00,3009585084,"¡Gracias a nuestros 600 suscriptores! 🎉 Su apoyo nos motiva a seguir creando contenido de calidad. Estamos emocionados por lo que viene y agradecidos de tenerlos con nosotros en este viaje. ¡Sigamos creciendo juntos!

Con gratitud,
Vive Candelaria
▶️https://t.co/nNfIdYsTPH https://t.co/5eSUUk9U0Q"
gratitud,2024-07-09 05:00:00+00:00,154836286,"Las claves para mejorar nuestro bienestar ya son harto conocidas: la conexión social, la atención plena, la gratitud expresada en cartas, los actos de bondad, los paseos por la naturaleza, una buena higiene del sueño y el uso moderado de las redes sociales
https://t.co/YTKft3G1XW"
gratitud,2024-07-09 04:58:00+00:00,197069321,"@Alvaro_RamirezM Que lindo leer esto, es como una gratitud inmensa que gira y gira y sigue linda"
gratitud,2024-07-09 04:57:55+00:00,990762625138069505,"Cuando nos enfocamos en nuestra gratitud, la marea de la desilusión baja y la marea del amor sube."
gratitud,2024-07-09 04:57:43+00:00,2645951316,"La Agrupación Manuel Oribe, fiel a la tradición de la 62, llevó a cabo una serie de visitas para expresar su agradecimiento a los vecinos por su compromiso, trabajo y militancia tras el reciente proceso electoral. 
https://t.co/FIEgpWx1mn"
salud,2024-07-09 05:45:20+00:00,3036048580,te odio pinche clóset polvoso que es una amenaza a la salud pública
salud,2024-07-09 05:45:18+00:00,1298826150479892480,¡Nuestros ARMY que nos han hecho más como nosotros!! ¡¡gracias por existir!! ¡¡Iré a verte pronto con buena salud~!! te amo..💜💜
salud,2024-07-09 05:45:06+00:00,1544769758490292225,"@kiminDev NTP Kimin todo a su tiempo, no te preciones demaciado eso no es bueno para la salud tanto fisica, emocional y mental tu con calma. 🫂"
salud,2024-07-09 05:45:03+00:00,1502419737837506565,"OTRO DURO GOLPE DEL ULTRAURIBISTA CONSEJO DE ESTADO.
NIEGAN LAS DEMANDAS DE MINSALUD CONTRA 26 EPS QUE INCUMPLEN LAS RESERVAS TÉCNICAS 
La manada de uribista da otro golpe al gobiernos del presidente Gustavo Petro. 
El Ministerio de Salud  solicitó medidas cautelares contra las… https://t.co/Qyf24BUtWT"
salud,2024-07-09 05:44:50+00:00,4239388213,@perrhijos Dios la bendiga 🙏 en salud y prosperidad ✨️777✨️
salud,2024-07-09 05:44:36+00:00,1265459928325517313,"🏥¡Súmate al IMSS Bienestar Puebla! 
Convocatoria para médicas y médicos generales, internistas, ginecólogos, cirujanos, pediatras y anestesiólogos. 
Consulta la convocatoria en 🌐https://t.co/dFfGVnbGa8.
¡Con un sistema de salud de calidad, #PueblaTrasciende! 👩‍⚕️👨‍⚕️ https://t.co/z3K9be7v0p"
salud,2024-07-09 05:44:27+00:00,1693024209163649024,@Flaloqui No  mme doña no lo haga…. Por la salud mental de sus nietos
salud,2024-07-09 05:43:59+00:00,1597725825452965888,Ya viste mama es bueno para la salud https://t.co/XzoRD3cZHa
salud,2024-07-09 05:43:53+00:00,780103512155824128,"La alcaldesa Alfa González destacó que Tlalpan es una de las primeras alcaldías en recibir la certificación como Promotora de la Salud.

https://t.co/1cZPuIX7OD"
salud,2024-07-09 05:43:42+00:00,938253056323604480,"Normalicemos que el sector salud use scrubs, ya me cansé de decirle a medio hospi que no soy doctora"
caravana,2024-07-09 05:38:08+00:00,858353702,Puigdemont prepara una caravana para cruzar la frontera de regreso a España jaleado por miles de personas: https://t.co/PXp8uAJg3C
caravana,2024-07-09 05:37:34+00:00,2767504654,Puigdemont prepara una caravana para cruzar la frontera de regreso a España jaleado por miles de personas: Esta provocación es digna de una serie de #netflix🫣 https://t.co/f4SIiYlYKW
caravana,2024-07-09 05:35:41+00:00,97783844,@codiguillos Caravana presidencial
caravana,2024-07-09 05:25:19+00:00,1477704890877157378,ome caravana!! https://t.co/SpKIpSBmze
caravana,2024-07-09 05:15:47+00:00,103168762,"@QuePocaMadre_Mx Vaya un prepotente menos, se sienten intocables cuando van en caravana"
caravana,2024-07-09 05:02:34+00:00,1722425370324959232,"cuando se me tranque la caravana voy a agarrar un destornillador, ya aprendí"
caravana,2024-07-09 05:01:05+00:00,2797685745,Protege tu caravana estés donde estés. Disfruta de una total tranquilidad durante tus viajes o cuando esté aparcada fuera de temporada. ¡Contacta conmigo y personaliza tus coberturas con servicios exclusivos 24/7!  ➡https://t.co/jR2PSfUE0N https://t.co/OPjnojRrFR
caravana,2024-07-09 04:47:25+00:00,334499353,"Caravana de Unidades de Cuidados DIF recorre la Sierra de Juárez

•Los servicios de salud benefician a grupos prioritarios de 12 localidades y municipios 

Región Sierra de Juárez, Oax. 8 de julio de 2024.- Una atención integral a las personas que más lo necesitan, es el… https://t.co/qXdZG8k7r9 https://t.co/f9JO9jO0TN"
caravana,2024-07-09 04:46:43+00:00,1279875998184603656,"Excelente caravana de más de 3000 motorizados se concentró y salió desde el Liceo ""Gran Colombia"" en Santa Rosalía hasta la Calle 14 de El Valle, para respaldar y apoyar al candidato del pueblo, pdte @NicolasMaduro.

@Nahumfernandezm
#PalabraEres https://t.co/bDddij6tNU"
caravana,2024-07-09 04:45:10+00:00,92527305,Sal a la puerta que esta el pedido de la caravana de palomas que te mande https://t.co/RbWlB8aI6I
Tapachula,2024-07-09 05:39:38+00:00,1530707902238969856,@sperezattias Y entonces el arroz y el azúcar donde se compra? Allá en Tapachula tendría que ir cada sábado de super?
Tapachula,2024-07-09 05:04:30+00:00,2442777030,"A través de la 2ª. Sesión Ordinaria del Consejo Municipal de Protección Civil por Temporada de Lluvias y Ciclones Tropicales 2024, el Ayuntamiento de #Tapachula mantiene el compromiso de ser vigilantes e informantes oportunos de la población https://t.co/9L4MrVuN1m"
Tapachula,2024-07-09 04:37:57+00:00,246074163,"Oh si, por fin va a nevar el Tapachula Chiapas. https://t.co/yxe4ZzTO9T"
Tapachula,2024-07-09 04:34:21+00:00,170135572,"Toda la zona Costera de Arriaga, Tonala, Tapachula ... con probabilidad de Trombas Marinas . https://t.co/i8lyZv4unq"
Tapachula,2024-07-09 04:28:55+00:00,101413033,6) Al iniciar el proceso de entrega-recepción de la administración pública estatal; inició también el de las presidencias locales. Las alcaldías de las ciudades más grandes de #Chiapas #TuxtlaGtz #SanCristóbal #Tapachula divulgaron por #RedesSociales el proceso; de los demás… https://t.co/qfAhlcTTd0
Tapachula,2024-07-09 04:24:29+00:00,1453899417333948427,Alguien de Tapachula?? Para chupara verga
Tapachula,2024-07-09 03:50:36+00:00,1805173305302761472,"@GladiolaSotoTap acompañó a @RutilioEscandon en la entrega de distintivos de certificación turística ""Chiapas de Corazón Incluyente"". La Alcaldesa de #Tapachula viene haciendo las cosas bien y para muestra es que tiene presencia a nivel estado. https://t.co/lL0aNy32X1"
Tapachula,2024-07-09 03:41:50+00:00,2442777030,"#PorSiNoLoViste Especialistas del @IMSSchiapas en #Tapachula realizaron la segunda procuración multiorgánica del año, lo que se traducirá en la #salvación de varias #vidas https://t.co/Sw8pNjB4zD"
Tapachula,2024-07-09 03:26:40+00:00,1274418528775540736,"Yo regresando sp feliz de bancó de sangre 
El lic Memo en plena cx ambulatoria: “a ver futura dama de Tapachula venga para aca y explíqueme los antibióticos”
😭😭"
Tapachula,2024-07-09 03:10:38+00:00,1470948346592468996,"Se busca a MARIA FERNANDA FLORES LOPEZ de 16 años de edad, quien fue vista por última vez el día 07 de julio de 2024, en el Fraccionamiento Vida Mejor del Municipio de Tapachula, Chiapas
#HastaEncontrarla @FGR_Chis @FGRMexico @SSPCMexico
https://t.co/0s3f0tsg1Z https://t.co/uJHkKCCUby"
deportación,2024-07-09 05:38:41+00:00,1796346801810702336,"@Fran_Casaretto_ Lo que está fuera de la ley es delito.
No puede entrar cualquier extranjero pobre a ponerse a mendigar. No corresponde.
DEPORTACION!!!"
deportación,2024-07-09 05:26:41+00:00,1719811906179874816,@Jhoncrack_3 Rechazo y deportacion
deportación,2024-07-09 05:19:55+00:00,159067906,@SrLiberal Deportación a tomar por culo con los folla cabras.
deportación,2024-07-09 05:02:19+00:00,216117516,"@ActualidadRT Jajajajaja OK entonces no hay pdo de las sanciones y de la deportación de su gente 🤷🏽
Esta piltrafa es el Peña de Ecuador y lo defienden varios de sus ciudadanos a pesar de como le esta dando en la madre a su pais"
deportación,2024-07-09 04:48:52+00:00,1759302334310490112,@RadioGenoa Deportación masiva ya
deportación,2024-07-09 04:47:38+00:00,1711381220896968704,@europapress DEPORTACION YA
deportación,2024-07-09 04:45:01+00:00,2295056168,"Los #republicanos aprueban un #programa_electoral que incluye la mayor deportación de la historia https://t.co/hQlWrRaCUk

👉🏼El programa político contempla también ""poner fin a la inflación"" y convertir a EE UU en una potencia energética mundial"
deportación,2024-07-09 04:42:51+00:00,1759302334310490112,@Patrioticos_RD Deportación masiva ya
deportación,2024-07-09 04:39:09+00:00,1759302334310490112,@CanarioToday Deportación masiva ya
deportación,2024-07-09 04:36:22+00:00,1070227044,"@diegoberardogc Por qué ponen a Alemania en la misma bolsa? Acá ganó la centro derecha por afano, y la derecha nacionalista salió segunda.

Acá gracias a Dios no son tan boludos, y se viene la deportación de trogloditas. Y me parece MUY BIEN. A los cavernícolas los quiero MUY lejos de mí."
