keyword,created_at,user_id,text,relevante
grupo,2024-07-10 23:41:13+00:00,1648418405416943618,"Siete estados y un grupo de pediatras han demandado a la administraci√≥n de la rata comunista de Joe Biden por una norma que obligar√≠a a los m√©dicos a realizar procedimientos de cambio de sexo y a los seguros de salud a cubrirlos. El Fiscal General de Missouri, Andrew Bailey,‚Ä¶ https://t.co/AUDw37p0b2 https://t.co/tOcXexdS9Z",
grupo,2024-07-10 23:41:11+00:00,1010572301627265024,"En SOD0MA NO EXISTEN LOS PREJUICIOS‚Ä¶ üòè

https://t.co/HosZ5Hy0OV

Si eres libre de mente Mi amor este grupo es para ti, encontrar√°s a las m√°s sexys musas, las TITAS M√ÅS HERMOSAS.
√önete üòè

@Maggielim0nTS
https://t.co/Imr0JDhLJO https://t.co/FSLZKV6JC4",
grupo,2024-07-10 23:41:11+00:00,1297232672,"@nenrybrand @CDN37 No nos entendemos, esa caterva que Usted llama saqueadores son los que han puesto al pa√≠s sobre los niveles de desarrollo que tenemos, como sea. Ahora le toca a tu grupo superarlo. H√°ganlo mejor y estaremos mejor. No lo har√°n mejor porque no han pasado por c√≠rculos de estudios.",
grupo,2024-07-10 23:41:10+00:00,1373349026242891780,"@franklingvalero No creo sea campa√±a de desprestigio.  La gente opina lo que ve. Y es un grupo de jugadores,  que ""hoy"", tienen un muy bajo nivel,  no rinden, no agradan y decepcionan,  a eso,  agregar, el sistema que no quiere variar el Dt",
divisi√≥n,2024-07-10 23:41:21+00:00,3289306227,"@wilsonariasc @DanielRMed No Wilson , no hable pop√≥ , es una tutela incumplida la que lo manda a la c√°rcel .
Respete la divisi√≥n de poderes o est√° otra vez beodo ????",
divisi√≥n,2024-07-10 23:40:03+00:00,1760322505254850560,"Falleci√≥ el general de divisi√≥n de la reserva Carlos Lezcano P√©rez. En su trayectoria le fueron otorgadas diferentes condecoraciones, entre las que se destacan la Orden por el ""Servicio a la Patria en las FAR de Tercer Grado"" Y ""Por el Servicio Ejemplar en las FAR https://t.co/EkovUmGnAl",
divisi√≥n,2024-07-10 23:39:24+00:00,1517565271078232066,"@VickyDavilaH Esta vieja habla como una tirana. Parece que no entiende la divisi√≥n de poderes de Colombia , pedazo de payasa .ü§°ü§°ü§°ü§°",
divisi√≥n,2024-07-10 23:38:30+00:00,1548395394534502400,"üá∫üáæ | Segunda Divisi√≥n 

El Oriental FC de Math√≠as Corujo igual√≥ 1-1 ante Juventud por el ""Cl√°sico Canario"" y se mantiene en los √∫ltimos puestos de la tabla. 

üì∑: orientalfcsad (instagram) https://t.co/OHdhgKbSQe",
divisi√≥n,2024-07-10 23:38:29+00:00,843963644157317121,El ascenso de Ollie Watkins: de jugar en segunda divisi√≥n a darle el pase a la final a Inglaterra en la Eurocopa 2024 https://t.co/xpCoHE17YZ,
divisi√≥n,2024-07-10 23:37:38+00:00,1958538092,"Jos√© Luis ""Garrafa ""S√°nchez¬†(Buenos Aires; 26 de mayo de 1974 -¬†Laferrere; 8 de enero de 2006) fue un jugador del f√∫tbol profesional de¬†Argentina. Jug√≥ en diversos clubes de las divisiones de ascenso en la Argentina, as√≠ como tambi√©n en la¬†Primera Divisi√≥n Argentina¬†y en Uruguay. https://t.co/ve6ObMv19b",
divisi√≥n,2024-07-10 23:37:29+00:00,138662380,"Me agrada Guadalpe Acosta Naranjo, es un excelente orador y f√©rreo defensor de la democracia y la divisi√≥n de poderes. 

Pero el Frente C√≠vico Nacional como partido, no resulta viable por 2 razones:

1. La mayor√≠a son de centro izquierda (qued√≥ demostrado que a Morena no se le‚Ä¶ https://t.co/Bv1lGUU0wO",
divisi√≥n,2024-07-10 23:36:54+00:00,1685387702315667456,@Dani9812392891 @Gbernard14 @fideismo11 No creo que sea bueno presumir de un jugador que juega en la reserva en segunda divisi√≥n tambi√©n de un tipo que es banca el √∫nico titular en Costa Rica es ese Zamora,
divisi√≥n,2024-07-10 23:36:50+00:00,1428244683218620417,"Aqu√≠ est√° la nueva fichaje de WWE y de la marca NXT, su nombre la se√±orita Stephanie Vaquer de Chile üá®üá± par√° el mundo, le deseamos lo mejor del mundo en su nueva etapa en WWE y ser√° un placer verla en la divisi√≥n femenina de NXT que es incre√≠ble cu√°nto talento. https://t.co/A0f4cZo0Tu",
divisi√≥n,2024-07-10 23:36:35+00:00,1607498251271372800,"@SergioChouza @JMilei @clarincom ¬ø@JMilei tiene que interferir con la justicia?
Por?
divisi√≥n de poderes Sergio, divisi√≥n de poderes...
As√≠ es en una sana democracia.
Googlealo.",
buscando refugio,2024-07-10 21:41:44+00:00,1249220806531416064,"üåü Buscando Asilo en EE.UU. üåü

¬øSab√≠as que puedes solicitar asilo en Estados Unidos si temes persecuci√≥n en tu pa√≠s? Aqu√≠ te contamos los requisitos b√°sicos. üá∫üá∏üõ°Ô∏è

#Asilo #Inmigraci√≥n #DerechosHumanos #Seguridad #Protecci√≥n #EEUU #Refugio #Justicia #ACMLegalServices https://t.co/Ct5F7gaosR",
buscando refugio,2024-07-10 20:58:51+00:00,448181099,"Anoche en Sucre, cayo un fuerte de aguacero acompa√±ado de estruendosos truenos, mi hija despert√≥ llorando asustada buscando refugio en mis brazos,luego lleg√≥ la calma. ¬øC√≥mo no pensar en los ni√±os Palestino, que tienen que padecer estruendos misiles acompa√±ados de la destrucci√≥n? https://t.co/CjN53Qgj98",
buscando refugio,2024-07-10 20:29:42+00:00,3784022834,"@danieldelvalle hay miles de j√≥venes nicarag√ºenses que peregrinan por el mundo buscando refugio, asilo o acogida; porque la dictadura en #Nicaragua les persigue por ser opositores: luchar por un pa√≠s justo y en libertad. 

No blanquees a Daniel Ortega y su esposa. https://t.co/JjFF7a8FoE",
buscando refugio,2024-07-10 20:13:54+00:00,221935965,"Daniel mientras tu te encuentras en Nicaragua haciendo turismo y promoviendo la marca pa√≠s del r√©gimen, somos miles y miles los nicarag√ºenses que hoy estamos en el exilio, buscando refugio en otros pa√≠ses y otros cienes encarcelados injustamente. @danieldelvalle https://t.co/f3uF04HWWg",
buscando refugio,2024-07-10 20:13:19+00:00,221935965,"Daniel mientras tu te encuentras en Nicaragua haciendo turismo y promoviendo la marca pa√≠s del r√©gimen, somos miles y miles los nicarag√ºenses que hoy estamos en el exilio, buscando refugio en otros pa√≠ses y otros cienes encarcelados injustamente. https://t.co/FGYgOYgQZf",
buscando refugio,2024-07-10 19:32:24+00:00,1811115173303963648,"Pase junto a un refugio que hay cerca y salia un tipo cantando  mujer amante de rata blanca, qu√≠zas simplemente solo estoy buscando  a mi varoncito en el lugar incorrecto",
buscando refugio,2024-07-10 17:53:45+00:00,2981777349,"En #UnTranv√≠aLlamadoDeseo, Blanche navega entre la seducci√≥n y la desilusi√≥n, buscando en los hombres un refugio que a menudo se convierte en trampa.

De Tennessee Williams
Direcci√≥n: @diegoDlRio 

üóìÔ∏è A partir del 3 de agosto | Funciones de jueves a domingo a las 19:00 horas‚Ä¶ https://t.co/jtT2lnySHA https://t.co/REUU8a7ipE",
buscando refugio,2024-07-10 16:54:55+00:00,117243753,"Entre el caos de la tormenta y la b√∫squeda de un refugio, extravi√© mi cartera el s√°bado 6 en plaza La Perla. Estuve buscando y preguntando y ""nadie"" la vi√≥. Lo que menos me importa son las tarjetas, INE o efectivo que tra√≠a. S√≥lo quiero la foto con la que cargaba...ü•∫",
buscando refugio,2024-07-10 16:14:26+00:00,215403686,"@reypapino Suerte Pablo! Debe andar buscando refugio  por el fr√≠o tu que la conoces, d√≥nde se meter√≠a? Va a aparecer, vas a ver, capaz anda de amores tambien...la m√≠a era muy enamoradiza!",
buscando refugio,2024-07-10 15:41:04+00:00,1486055709858881536,"@Leandro_MDiaz Ver√© ese nidal de ratas buscando refugio cuando el barco se hunda !
Clamar√°n Clemencia‚ùóÔ∏è",
solicitud de asilo,2024-07-10 22:56:17+00:00,829750511624679424,"üö® #LO√öLTIMO | Embajada de M√©xico no recibi√≥ solicitud de asilo de Pedro Castillo, asegura expresidente desde Barbadillo.

Ampliaremos en breve por https://t.co/KWE7VVmNHv y todas nuestras redes sociales. https://t.co/nPUxX6fkxi",
solicitud de asilo,2024-07-10 21:18:22+00:00,1357969682683334657,"Nunca ped√≠ asilo pol√≠tico. Nunca quise irme del pa√≠s. Desde el inicio, mi deseo siempre fue quedarme y luchar por un Per√∫ justo, libre y soberano. La Embajada de M√©xico en Per√∫ (@EmbaMexPeru) me da la raz√≥n y confirma que no hubo ninguna solicitud de asilo de mi parte. Esta‚Ä¶ https://t.co/R470KUB5lK https://t.co/VtFSxsetqR",
solicitud de asilo,2024-07-10 20:48:30+00:00,2575514486,"üóûÔ∏è#Noticias| Desde hace 6 semanas el Estado mexicano ha pospuesto la reubicaci√≥n de la COMAR, esto impacta en la continuidad de los tr√°mites de solicitud de asilo siendo violatorio de los derechos de las personas que buscan protecci√≥n internacional. 
 üì≤https://t.co/v22cxcNVgm. https://t.co/hby8O7SplO",
solicitud de asilo,2024-07-10 14:28:54+00:00,775372440151011328,@libsoftiktok Se debe dar a conocer que cualquier persona que haya ingresado ilegalmente al pa√≠s est√° cometiendo un delito que causar√° el rechazo seguro de su solicitud de asilo Y la deportaci√≥n de los Estados Unidos de Am√©rica si vota en alguna elecci√≥n federal.,
solicitud de asilo,2024-07-10 13:57:38+00:00,92832457,"@ElLocoDLaColina Amigo, a diferencia de otros procesos migratorios, el solicitante de asilo tiene que demostrar la persecucion al momento de adjudicar.

Asi gane la apelacion, si al momento de adjudicar no existe la circunstancia que motivo la solicitud (chavismo), no procede la adjudicacion.",
solicitud de asilo,2024-07-10 13:01:25+00:00,285602380,"@SXTrece @Balentxegi Por lo que sea a las del pa√±uelo se les ha olvidado adherirse a esta solicitud? 
Que les ha parecido mal? El n√∫mero de hojas, el t√≠tulo, el lenguaje usado, o que en este tema tienen poco que rascar. 

https://t.co/WO017EbkZX",
solicitud de asilo,2024-07-10 12:17:22+00:00,1601132144214118401,"@BrionesVic83227 @casasdelcura @Idiazaquso https://t.co/1yMcIigg4G
Pues mira, ah√≠ tienes una.
Solo tienes que entrar con solicitud de asilo, no tener pasaporte ni documentaci√≥n de origen y entrando ilegalmente puedes expropiar dinero del erario p√∫blico.
Que causalidad que beneficia a entidades que necesitan concurso.",
solicitud de asilo,2024-07-10 06:46:41+00:00,267111341,"Datos clave sobre el sistema de Dubl√≠n en 2023:
üîπTransferir la responsabilidad de examinar una solicitud de asilo.
üîπ186.910 solicitudes salientes
üîπMayor n√∫mero de solicitudes: Alemania (74.620) y Francia (48.724).
üá™üá∫üëâhttps://t.co/yoYAFzPp2t
#CDEuropa https://t.co/DQrU8PD4VL",
solicitud de asilo,2024-07-09 22:45:48+00:00,52819651,"Qui√©nes pueden pedir asilo pol√≠tico, d√≥nde pueden hacerlo y otros datos clave.

De acuerdo con datos de Acnur, cerca de un mill√≥n de personas al a√±o realiza esta solicitud.

Detalles ‚¨áÔ∏è https://t.co/asA38QCQwB",
solicitud de asilo,2024-07-09 18:39:30+00:00,1567713503313797123,"@DiarioCoLatino @Ingrydadriana La Ridiculez en todo su esplendor. 
Lo que ella quiere es provocar un incidente, para hacer la ‚ÄúSolicitud de Asilo en USA‚Äù. 
A esto se le llama ‚ÄúFRAUDE‚Äù. 
Mucha atenci√≥n se√±ores de la embajada de USA üá∫üá∏, hay fraude a la vista!!!
@ingridadriana @USEmbassySV",
arresto,2024-07-10 23:40:52+00:00,739873861471195137,Y un pedofilo con arresto domiciliario. https://t.co/K3OFRYkSRL,
arresto,2024-07-10 23:39:21+00:00,62742738,"Puedo entender la prisi√≥n preventiva para Daniel Jadue, pero no puedo entender el mero arresto domiciliario para un depredador sexual como Eduardo Macaya. Macaya no s√≥lo es un peligro para la sociedad, tambi√©n hay peligro de fuga.",
arresto,2024-07-10 23:39:03+00:00,1149654795034214400,@LuisMesina1 Tampoco queda con arresto‚Ä¶ se va a su casa a seguir abusando de sus nietas‚Ä¶ as√≠ es la podrida justicia en Chile üá®üá±,
arresto,2024-07-10 23:36:16+00:00,324997894,"@biobio Arresto domiciliario para el VIOLADOR MACAYA, q se vaya a dar un gustito con alg√∫n Ni√±o de la calle ya q el juicio lo dej√≥ nervioso. Y le mandar√° fotos de sus actos perniciosos a los jueces q lo dejaron caminar LIBRE porq no es PELIGROSO. Y JADUE PRESO.",
arresto,2024-07-10 23:36:13+00:00,1326749963603353602,@RobertoMerken Viejo degenerado y con plata. A pesar de las evidencia se fue con arresto domiciliario...espero adem√†s que la c√°rcel compense a las personas afectadas por su degeneraci√≥n de enfermo mental.,
arresto,2024-07-10 23:33:26+00:00,1615254810952859649,"Tenerlo todo fue perder el miedo, no imagin√© mi historia as√≠ al querer tenerlo, halagos recibo y dentro de mi adrenalina siento, soy maldito, ya tengo un equipo, en el caribe vivo, aunque el pasado perturbe, me perturba m√°s el arresto que tengo, deja te cuento, tengo 2 balazos.",
arresto,2024-07-10 23:30:50+00:00,1215000643808747520,Vi hartos tuits donde dec√≠an que la condena estaba m√°s arreglada que la chucha para que quedar√° en arresto domiciliario JAJAJAJA pa√≠s de mierda https://t.co/sKl0Ivo8Ue,
arresto,2024-07-10 23:30:15+00:00,1602382147502866457,"@Chucurumbitto @AquilaInCaelo No deber√≠a haber quedado con arresto domiciliario debe estar en prisi√≥n preventiva 
Ser√° que hay est√°n los favores a Macaya por cuadrarse con la secta merluziana??? ü§î",
arresto,2024-07-10 23:30:11+00:00,168790068,"üëÆ Roger Desmond Burns ten√≠a indumentaria y art√≠culos robados del Departamento de Seguridad Nacional, incluyendo un chaleco antibalas, esposas, credenciales de un agente y parches policiales. https://t.co/3xNs25wFq8",
arresto,2024-07-10 23:30:08+00:00,1442851020183425028,"Eduardo Macaya con arresto domiciliario otra vez esperando en su casona que lo condenen por violaci√≥n de sus nietas 
Pero lo m√°s probable es que la corte de Rancagua diga que les hac√≠a educaci√≥n sexual 
Pero Jadue por conseguir remedios baratos para los pobres 
Encarcelado https://t.co/LFCldRBrlD",
territorio mexicano,2024-07-10 23:22:47+00:00,3849595874,@GuiaDeportiva9 Tambi√©n en Territorio Mexicano pero TUDN MEX lo borro,
territorio mexicano,2024-07-10 23:12:14+00:00,3871232234,| #Deportes | El FC Barcelona abrir√° su segunda Bar√ßa Academy en territorio mexicano. La primera se inaugur√≥ en 2020 y est√° en #CiudadDeM√©xico y la segunda abrir√° sus puertas en #Quer√©taro. #ElFuturoEsHoy https://t.co/BuW1cvrCkv,
territorio mexicano,2024-07-10 22:42:34+00:00,1580755925312348161,"@DavidGo38098124 @Polemista4T @mujerlunabella @sr_indomable @JCTigreSalcido @martibatres El reglamento del metro se tiene que acoplar a lo que diga la constituci√≥n pq el metro no es un espacio fuera de territorio mexicano, todo lo que pase dentro se acopla a las reglas de la constituci√≥n, no es ning√∫n vac√≠o legal, hay q aprender un poquito de leyes antes de hablar",
territorio mexicano,2024-07-10 22:34:59+00:00,1641177661295738881,"@RockHoound @SanMarinoTeam flaco, no opines si sos Mexicano, Estados Unidos te rob√≥ medio territorio y lo m√°s inteligente que hizo tu pa√≠s fue empezar a lamerles el culo, que triste tu pa√≠s

Argentina tiene sentido de pertenencia y amor propio, no le chupamos el culo a los piratas que nos robaron",
territorio mexicano,2024-07-10 22:15:44+00:00,889227076120698880,"Estamos en un M√©xico muy bizarro, esta persona por aventar un gato puede  pasar varios a√±os en la c√°rcel mientras hay un CO en el territorio mexicano matando hasta menores de edad y ni siquiera los buscan...

Algo est√° muy raro en esto. https://t.co/8OHQ3vhFsC",
territorio mexicano,2024-07-10 21:49:21+00:00,127733150,@RogerEthizs @Liatanis @RoiLopezRivas Ahhh ya vi que eres un lamezuelas del AMLO preg√∫ntale entonces porque rechazo que la CIA hiciera investigaciones en territorio Mexicano? Que detuvieran a sus compas en Estados Unidos? ü§°,
territorio mexicano,2024-07-10 21:15:03+00:00,43926196,SSN registra sismo de 4.6 con epicentro en Oaxaca; en lo que va del d√≠a se han registrado 38 en territorio mexicano https://t.co/7Ml5BVvM4x,
territorio mexicano,2024-07-10 20:19:52+00:00,35914963,"üá≤üáΩ | El economista y abogado Antonio Garc√≠a explic√≥ que la reforma judicial causar√≠a el mismo da√±o al pa√≠s que la Guerra del 47, cuando perdimos la mitad de su territorio. #YoS√≠Influyo https://t.co/9EfDtdebzZ",
territorio mexicano,2024-07-10 20:14:45+00:00,1032892291,"@BlueLikeThe_Sky @javierbaez_ Poblaci√≥n adulta mayor existente en todo el territorio mexicano: que ocupe/viva/coexista dentro del ya mencionado Estados Unidos Mexicanos.

Aclaraci√≥n*",
territorio mexicano,2024-07-10 20:10:20+00:00,898329999421435908,"EU aumenta los aranceles sobre el acero y el aluminio importados a trav√©s de M√©xico

Las tarifas afectar√≠an a los metales importados a trav√©s de territorio mexicano pero fundidos o vertidos en China, Rusia, Bielorrusia o Ir√°n.

https://t.co/ebf11p3sig https://t.co/ha8TIjZeER",
agresi√≥n,2024-07-10 23:41:10+00:00,810273086104866816,"@BonnetBc24 @AztecaNoticias La ley del trabajo no contempla eso, eso es despido injustificado para la ley ya que el acto que cometi√≥ no es de injerencia para la empresa directamente, solo lo que hicieron es un acto de valores y no legal, lo legal el tendr√≠a que enfrentarlo por lo de la agresi√≥n",
agresi√≥n,2024-07-10 23:40:00+00:00,466814821,"La gobernadora Evelyn Salgado refrenda su compromiso con las ni√±as y mujeres de Guerrero, lanzando la nueva app para celulares #ProtocoloVioleta, con la que podr√°s realizar denuncias de cualquier tipo de violencia o agresi√≥n para ser atendida. https://t.co/YQ1ISwszr7",
agresi√≥n,2024-07-10 23:39:17+00:00,46564499,VIDEO | Cobarde agresi√≥n a equipo de T13 durante concejo municipal en Lo Espejo  https://t.co/wEPVxBlsrB via @T13,
agresi√≥n,2024-07-10 23:39:00+00:00,1687984068,"Viralizan pelea entre dos motoristas en la calzada Mateo Flores (video)

Uno de los implicados opta por no defenderse de la agresi√≥nüò°

Mira ac√° las im√°genes‚¨áÔ∏è

https://t.co/jGJhjMy1wh https://t.co/i0sJE8w9Vf",
agresi√≥n,2024-07-10 23:38:22+00:00,4552831408,@mikimenav @KeikoFujimori @GiullianaLoza A ver ¬øespecifica a que actos de agresi√≥n te refieres?  Pura boca. Justificas q agredan a una dama. Rojo HDP ten√≠as q ser!!,
agresi√≥n,2024-07-10 23:35:47+00:00,84975680,"@RusoZamogilny Es agresion y debio ser ROJA, no es circo, la burrada es de azul que no controlo si impotencia. Simple",
agresi√≥n,2024-07-10 23:35:04+00:00,109641538,@VNVenezuelanews @yohana_psuv Donde estaa agresi√≥n??,
agresi√≥n,2024-07-10 23:35:03+00:00,1637520539559370758,"@Pat0zz @umn_sht @PumaChairo Si, por eso hay tantos criminales huyendo de sus responsabilidades ante la ley o ante su fraternidad. 
Claro que tambi√©n las hay mujeres, pero busca cualquier estad√≠stica, en su mayor√≠a , es as√≠. 
Adem√°s de qu√© tienen mucho m√°s historial de impulsividad ante la agresi√≥n.",
agresi√≥n,2024-07-10 23:34:27+00:00,364955779,"@MXvsCORRUPCION @article19mex @lopezobrador_ Los periodistas ya no tienen √©tica profesional, em estos tiempos lo menos que se merecen es la agresi√≥n del pueblo por fesantes",
agresi√≥n,2024-07-10 23:34:25+00:00,332479194,@andyAAA000 @WilsonNicolini @gbianchi404 @ObservadorUY Yo pienso por si misma la agresi√≥n innecesariay si importa cada postura porque eso mueve la aguja.Facil mirar a Argentina la gente se harto de los k y de parte de ciertas clase pol√≠tica .,
melancol√≠a,2024-07-10 23:41:26+00:00,1519332546777071618,reina de la melancol√≠a,
melancol√≠a,2024-07-10 23:39:56+00:00,1287961600003960832,"Me da melancol√≠a pensar que lo √∫ltimo que tuve de √©l fue un abrazo, un beso y un ‚Äúte amo tanto hija, abr√°zame‚Äù mientras est√°bamos sentados en el sill√≥n",
melancol√≠a,2024-07-10 23:21:31+00:00,101612794,"Yo cada que se terminaba un periodo
Kinder me cambie de escuela
Primaria me cambie de escuela
Secundaria me cambie de escuela (siempre las m√°s alejadas de casa)
Prepa me cambie de escuela
Universidad lejos
Y as√≠ la vida, si no los topo, no me da melancol√≠a https://t.co/gSRTdx9oYO",
melancol√≠a,2024-07-10 23:17:04+00:00,1526972949970006017,"Estoy tomando un cafe en la taza que mi ultima novia me regalo, es una taza magica, tiene una foto de los dos, HABLAME VOS DE MELANCOLIA",
melancol√≠a,2024-07-10 23:15:06+00:00,844167776562528257,Fotos de #tristeza #melancolia #frasesfamosos #felizmiercoles #frasesbonitas #frasesbonitas #frasescelebres #reflexion https://t.co/NF7Ym3VuFR,
melancol√≠a,2024-07-10 23:15:04+00:00,1091535436630147072,Fotos de #tristeza #melancolia #frasesfamosos #felizmiercoles #frasesbonitas #frasesbonitas #frasescelebres #reflexion https://t.co/UnXwmG0Hol,
melancol√≠a,2024-07-10 23:12:30+00:00,1666871279209545739,como un p√©talo salado / como una escama brillante / como el filo del cuchillo que rebana las arterias / como las largas patas de una ara√±a / como la melancol√≠a de una ma√±ana donde llueve llueve llueve,
melancol√≠a,2024-07-10 23:11:46+00:00,549617274,Lo tuyo fue la intermitencia y la melancolia,
melancol√≠a,2024-07-10 23:10:36+00:00,764392826,"Quiz√°s es un toque de melancol√≠a‚Ä¶

 https://t.co/2Y2BLP1Sl3",
melancol√≠a,2024-07-10 23:09:39+00:00,1306330815408869376,estoy sensible y lo √∫nico que quiero hacer es cornudizar mi existencia fundirme en la melancol√≠a y ahogarme en la ternura mientras me clavo un plato de √±oquis pero en cambio toca aprenderse los mecanismos compensatorios en caso de alcalosis metab√≥lica,
atravesar la frontera,2024-07-10 03:25:54+00:00,2463959364,"@EstrellaOnline El tap√≥n del Dari√©n por ser Selva, es frontera lim√≠trofe; no es un paso migratorio vigente, legal, ni autorizado. Lamento mucho la situaci√≥n de miles de inmigrantes; pero atravesar la selva, exponer sus vidas y entrar a otro pa√≠s por una v√≠a no autorizada ES UN DELITO !!!!",
atravesar la frontera,2024-07-09 20:30:07+00:00,813666597550358530,"Entrevista a Carrie Patel, directora del videojuego fant√°stico 'Avowed'. ""El lore y las sensaciones son como atravesar una frontera salvaje hacia lugares asombrosos"". En la web @vidaextra 
https://t.co/zWaaFyRDfZ https://t.co/8XF76FZtJY",
atravesar la frontera,2024-07-09 15:56:06+00:00,193808486,"#NTCV Cr√≥nicas de mi tierra.- #Cumanacoa, tierra del final de mi ni√±ez. Cumanacoa, San Antonio, Las Piedras, R√≠o Cocollar, atravesar la frontera con Monagas (parte alta), Miraflores, Caripe... Parece que fue otra vida. Mi pa√≠s destrozado y herida su gente.
https://t.co/hNTBNrRrre https://t.co/owEQMKhA8T",
atravesar la frontera,2024-07-09 14:58:44+00:00,2727415357,@elespanolcom Los nazis alemanes lo tiraron al Bidasoa al atravesar la frontera y Franco les regal√≥ nacionalidad espa√±ola y DNI.,
atravesar la frontera,2024-07-07 18:35:23+00:00,1544731889071685634,"Ella ha podido atravesar varias adversidades con el apoyo de sus amigos pero tampoco siente un temor extremo a ir por una frontera sola.

Si al inicio de la historia hubieran dejado a Nene sola en una frontera probablemente hubiera sido un gran reto. Actualmente +",
atravesar la frontera,2024-07-06 14:48:29+00:00,51808628,"@orlandoeriveros @AlbertJulian13 Atraviesan la selva del darien y saltan el muro de Trump, no van a atravesar una frontera minada? Nojoda es hasta se robar√≠an las minas üòÜ",
migrante,2024-07-10 23:40:00+00:00,485207048,üó£ ¬°Haz click para mantenerte informado! üì¢ | ¬øQu√© diferencias hay entre un refugiado y un migrante? https://t.co/lLFfN0mpqJ,
migrante,2024-07-10 23:38:15+00:00,1217648459534229505,"@crissuperann @Tomidiazcueto @emiaerosmith Jja  se ve que nunca tuviste uno, ni competiste con un migrante por un empleo.Todo depende de tu necesidad, a mayor necesidad mayor posibilidad de que seas un esclavo. El  laburo en blanco es contar con las minimas herramientas  de ascenso   y defensa contra posibles abusos.",
migrante,2024-07-10 23:37:31+00:00,171299971,"#CaraotaDeportes | Yilber D√≠az, el migrante venezolano que pas√≥ de vender dulces en Per√∫ a debutar en las Grandes Ligas.- https://t.co/2aj2vUGuaq
+&lt;^",
migrante,2024-07-10 23:36:33+00:00,1549181490143133697,"#Informativo14

üóûAnuncia @Claudiashein tres l√≠neas de trenes de pasajeros: #AIFA-Pachuca, #M√©xico-Nuevo Laredo y #M√©xico-Guadalajara
üóûEl #PoderJudicial cancel√≥ la #LeyEl√©ctrica ‚Äúpor defender a empresas extranjeras‚Äù: @lopezobrador_

‚è∞19:00Hüì∫#TvMigranteüëâüèæhttps://t.co/eDlGMtFqcK https://t.co/rx6YftKVXy",
migrante,2024-07-10 23:35:52+00:00,3016721088,"¬°Ya viene la Semana del migrante!
Seguimos compartiendo las actividades para la semana en honor a nuestros amigos paisanos
El martes 23 de julio
üî∏Misa del migrante
üî∏Ceremonia de galardonados
üî∏Feria de escaramuzas
üî∏Rodeo de media noche 
#migrantes #Jerez https://t.co/hmXZrUs1RE",
migrante,2024-07-10 23:34:13+00:00,352268640,"@EstebanNavarroS Yo tambi√©n tengo sangre migrante por parte paterna: mezcla de Burgos y se ver√° en el futuro si de antepasados arraigados por milenios en Cuenca, o tambi√©n migrante. Luego mi padre se march√≥ a Galicia. Espa√±a entera es mezcla de sangre de diferentes latitudes y eso es riqueza.",
migrante,2024-07-10 23:33:22+00:00,117524881,"El costo para sostener a un migrante asciende ahora a 1.200 pesos diarios (unos 66,6 d√≥lares), un 200 % m√°s de los 400 pesos (22,2 d√≥lares) de 2016 

üé• / Agencia EFE 
https://t.co/nEEfxR2MP1 https://t.co/HEVpj5uYzs",
migrante,2024-07-10 23:25:05+00:00,278184885,"@manuelabergerot Con el valor que tiene una hembra migrante te la van a dejar a t√≠ para que t√∫ la cuides! A esas ni√±as ya se las quedan las mafias de explotaci√≥n sexual. Y lo que te llega aqu√≠ son varones ya creciditos, h√°blales de feminismo y derechos LGTB+, ya ver√°s las risas.",
migrante,2024-07-10 23:18:57+00:00,1092924160836288512,"ü©∫ ¬øCu√°l es la situaci√≥n de salud de la poblaci√≥n migrante venezolana en Colombia? Ingresa ya al informe especial publicado por el #OM3 de @MigracionCol y Programa #ComunidadesSaludables de @USAID_Colombia y ent√©rateüëáüèΩ
@LHSSproject 

https://t.co/atwCmxdIbl https://t.co/MzSPf0nMDn",
migrante,2024-07-10 23:17:37+00:00,86017565,"#ElPoderDeLaVerdad üè°|| Consideran reubicar Casa del Migrante, en #Coatzacoalcos. Cierre de la avenida Soledad de Doblado por obras del tren cerrar√≠an paso a su ubicaci√≥n.
https://t.co/w5mRPsDOe4",
chantaje,2024-07-10 23:37:58+00:00,384485007,"@estebanoria Maduro no los reuni√≥, los oblig√≥ con chantaje, pero realmente, ¬øCu√°ntos de ellos votar√°n por √©l?",
chantaje,2024-07-10 23:36:12+00:00,1782277647906603008,"@MilianWayling @Marianamieres_ Amanecer√° y veremos. Yo en el 2015 pens√© durante todo el a√±o que el PSUV ganar√≠a por paliza la AN y esa misma noche me sorprendi√≥ el resultado que dio el CNE. Ojal√° sea igual este a√±o, a√∫n con todo el ventajismo y el chantaje del PSUV.",
chantaje,2024-07-10 23:34:40+00:00,784958309510111232,"@pepeblai Gracias por su sensatez. La regi√≥n m√°s pobre de Espa√±a no puede cargar sola con el chantaje de Marruecos. Efectivamente, aunque Feij√≥o los quisiera devolver en paraca√≠das, NO es el presidente del gobierno. Un obviedad, pero‚Ä¶",
chantaje,2024-07-10 23:33:28+00:00,1782530663851167744,"@XSIXEYES_ ‚Äú ¬øle has hecho chantaje a cambio de tabaco? ‚Äù 

trat√≥ de no re√≠r, pero divertida sonrisa asomaba ya en sus labios. aprovechar√≠a el trayecto hasta la puerta para desviarse un poco y despedirse de sus beb√©s, poni√©ndose de cuclillas frente a la zona que hab√≠an habilitado para",
chantaje,2024-07-10 23:29:10+00:00,149232687,"@ConElMazoDando Si usted no tiene el carnet del chantaje,  olv√≠dese,  ciego qued√≥... As√≠ funciona el sistema de chantaje de la tiran√≠a....",
chantaje,2024-07-10 23:29:09+00:00,1314305195183087618,"@clagos0 Es absurdo ese purismo politiquero. Y los medios digitales ""pro"" 4T no ayudan.
Me indigna el chantaje que hicieron (sinCensura, sinLinea, losReporteros..) para impulsar a Ad√°n Augusto. Un se√±or en Tepoztl√°n los escucha, ni sab√≠a si gobern√≥ bien Tabasco, pero no apoya a Claudia ü•¥",
chantaje,2024-07-10 23:26:32+00:00,842234047,"@cnddhh Se aprob√≥ la ley sobre los delitos de lesa humanidad que acabar√° con la venganza ideol√≥gica, con el chantaje de los caviares con el negociado de toda esa mafia de ONG traficantes de los derechos humanos y defensoras de terroristas! Viva el Per√∫!",
chantaje,2024-07-10 23:25:26+00:00,702275024,@LaisyLea Felicidades por esa edici√≥n ojal√° todos fu√©ramos as√≠ pero a√∫n hay taboos y miedo al chantaje de personas que nos expongan sondignos de admiraci√≥n mis respetos,
chantaje,2024-07-10 23:21:00+00:00,309242762,Incre√≠ble la cantidad de personas que busca conseguir lo que quiere por medio del chantaje emocional.,
chantaje,2024-07-10 23:19:44+00:00,1519155985415344131,"@zuliana1 @MercedesPerdig2 Est√°n en todos lados, siempre los mismos c√≥mplices y sus agendas turbias de manipulaci√≥n y chantaje emocional. Son los mismos q asaltaron violentamente y destrozaron la embajada de Venezuela. Por eso los enfrentamos en Miami.",
ciudad de Tapachula,2024-07-10 16:00:00+00:00,1444351652,"¬°Garantizamos los derechos de las ni√±as, ni√±os y adolescentes fuera de nuestras fronteras! üíô

Tenemos oficinas CONAPINA en sedes consulares de Monterrey, Ciudad Ju√°rez, Tijuana y Tapachula, M√©xico; as√≠ como tambi√©n en McAllen en el Estado de Texas, Estados Unidos. https://t.co/9O3hbQUhoX",
ciudad de Tapachula,2024-07-10 08:39:14+00:00,335061211,"@ramirezlalo_ @RutilioEscandon Espero que la seguridad, sea prioridad en su gobierno; porque en el estado de Chiapas todos los d√≠as hay secuestros. Ya No se puede andar en la calle ni de d√≠a menos de noche. Tapachula se convirti√≥ en una ciudad peligrosa. Lo √∫nico que deseo es que de verdad exista Paz.",
ciudad de Tapachula,2024-07-09 21:50:11+00:00,1774616186178715648,"üî¥üî¥üö®üö®Fuerte accidente automovil√≠stico en la ciudad de #tapachula üî¥üî¥üö®üö®

En la  11 norte esquina 7a oriente de Tapachula, un fuerte accidente automovil√≠stico dej√≥ cuantioso da√±os materiales. Autoridades ya asistieron al sitio y se investigar√° al culpable del incidente.‚Ä¶ https://t.co/xUqNztxf2p https://t.co/kCZomnlor3",
ciudad de Tapachula,2024-07-09 18:51:45+00:00,3144987648,"@FranciscoG94051 @jp_alvarezg @MartnBa46770283 @pedroferriz3 @Claudiashein Llegas m√°s r√°pido de Portugal a Alemania pasando por Espa√±a, y Francia que de Ciudad juarez a Tapachula",
ciudad de Tapachula,2024-07-09 14:59:14+00:00,37995926,"@jgnaredo @AccionNacional te dejo estos datos  de Las 10 ciudades m√°s inseguras de M√©xico, me puedes decir cuales son gob de Morena?
Fresnillo 95.4% Naucalpan 89.6 % Zacatecas 89.3 %
Chilpancingo 87.3 % Cuernavaca, 87.0 % 
Ciudad Obreg√≥n 86.6 % Tapachula 86.5 % Uruapan 85.8 % Ecatepec 84.9 % Le√≥n 84.8 %",
ciudad de Tapachula,2024-07-09 14:55:28+00:00,1554224604863991808,"¬øVives en M√©xico y cuentas con estatus de ap√°trida, refugiado o de protecci√≥n similar?
¬°Aplica a esta oportunidad con @AcnurMexico!
ü§©Promotor/a Comunitario/a Tapachula
üîóLink: https://t.co/puOs5uEJYB
üìçCiudad de asignaci√≥n: Tapachula
üóìFecha: 14/07/2024 https://t.co/P1bybZ9E1r",
ciudad de Tapachula,2024-07-06 17:16:26+00:00,782303796428877824,"Conduzca con precauci√≥n, evite accidentes, entradas y salidas principales de la ciudad de Tapachula se encuentran en libre tr√°nsito. #Tapachula #Chiapas #911 Emergencia.",
ciudad de Tapachula,2024-07-06 03:58:26+00:00,160663347,"üü¢ #Regi√≥n | 18 m√©dicos concluyen su internado de pregrado Ciclo 2023 ‚Äì 2024
-Los galenos sirvieron en el Hospital Regional de Alta Especialidad Ciudad Salud Tapachula

Darinel Gonz√°lez / Corresponsal Diario de Chiapas

Tapachula, Chiapas.- Un total de 18 m√©dicos internos‚Ä¶ https://t.co/nMI2vXpgAB https://t.co/uCUpyeH4Uo",
ciudad de Tapachula,2024-07-05 20:39:46+00:00,1325165059,"¬°Amigo conductor! üöó Toma precauciones si planeas viajar fuera de la ciudad, ya que se reporta tr√°fico pesado en la carretera Tapachula-Tuxtla Chico debido a trabajos de rehabilitaci√≥n

V√≠a: Manuel N√∫√±ez / Diario del Sur https://t.co/GX1BwJvMnQ",
ciudad de Tapachula,2024-07-05 01:09:00+00:00,782303796428877824,"Conduzca con precauci√≥n, evite accidentes, entradas y salidas principales de la ciudad de Tapachula se encuentran en libre tr√°nsito. #Tapachula #Chiapas #911 Emergencia.",
Refugiado,2024-07-11 03:14:32+00:00,1654888521499398147,Les estoy mandando un mensaje a la foking ONG para q sepan q nuestro pa√≠s no quiere refugiado y q si esto sigue porque estos pa√≠ses del diablo q quieren meter esos cabrones Haitianos eso no se le va dar porque ya nos estamos armando para defender nuestro pa√≠s. Ya veremos,
Refugiado,2024-07-11 03:11:06+00:00,221935965,"No pues, ya hablamos!! @danieldelvalle  visitando al pobre refugiado ü•¥ü•¥ en nuestra embajada üôÑ https://t.co/9pc1wAAGRl",
Refugiado,2024-07-11 03:06:58+00:00,1571599779846848512,@lopezdoriga si terminaste tu universidad vdd don refugiado mmn? https://t.co/1mJXeWUDU6,
Refugiado,2024-07-11 02:57:19+00:00,1428767445582499846,"@aspauzarazuri ALAN ESTA REFUGIADO EN SUIZA SEGUN INVESTIGACION DE JAIME BAYLI!, IGUAL.QUE MOSCA LOCA QUE SE HIZO EL.MUERTO Y APARECIO EN MEXICO!, El.Alanismo es copia del.PRI mexicano utilizan a sus lideres para enriquecerse, el Tio George del Castillo Garrido Lecca, Cornejo, Carranza, ETC!",
Refugiado,2024-07-11 02:55:52+00:00,1733926509243404288,"@nacionalex_ @fideodeltw @_cARc_ @diegohead_ Entonces xq comentas sino te importa nacional nacional , yo me acuerdo que nacional vino a rosario y se fue refugiado, fuimos all√° y nos mandaste a la yuta",
Refugiado,2024-07-11 02:52:18+00:00,137104854,"üìÑ En #M√©xico se han presentado 41,427 personas han solicitado su condici√≥n de refugiado, al cierre de junio del 2024, lo que signific√≥ una baja de 45.58% en comparaci√≥n con el a√±o pasado. En el primer semestre del 2022 se registraron 58,660 casos y 76,130, en 2023. @comar_sg‚Ä¶ https://t.co/Nn2lfeyWt3 https://t.co/BgteDTRrXx",
Refugiado,2024-07-11 02:32:10+00:00,15740791,@Yusdan puro haitiano refugiado,
Refugiado,2024-07-11 02:27:10+00:00,1077443976804880384,"JAAJAJAJJAJAJAJAJJAAKA EL 9 MAS BURRO DEL MUNDO, NI PARA PELEAR REFUGIADO ATRAS DE LA POLICIA SIRVE https://t.co/UMO3oXeM2f",
Refugiado,2024-07-11 02:22:20+00:00,2298721896,"@MaldiniVult @santicostilla @ravensito369 @LautaHern @maps_black No soy de mechico, naricholo ü§£. Pero deber√≠as de tener m√°s respeto por ese pa√≠s donde andas de refugiado, seguro trabajando de mesero, aborigen quechua. Ese emoji ""üëçüèø"" te define muy bien tu color, indio juje√±o ü§£ü§£",
Refugiado,2024-07-11 01:39:31+00:00,144204677,@lpazosp @m_ebrard Cierto. Y vaya que est√°n ocasionando deanes en toda europa todos los refugiado,
Inmigraci√≥n,2024-07-11 03:14:52+00:00,1194630518660190208,"@Juangripoll Eres un demagogo.
Fomentar la inmigraci√≥n ilegal es de todo, excepto cristiano.",
Inmigraci√≥n,2024-07-11 03:14:30+00:00,2959977087,"@besodevlinder Vivo en Coru√±a y cada d√≠a somos menos coru√±eses, creci√≥ la inseguridad un 100 % desde que se abrieron puertas a la inmigraci√≥n, solo comento la situaci√≥n en la que vivimos",
Inmigraci√≥n,2024-07-11 03:10:19+00:00,1798941400492634112,"Inmigraci√≥n y Asilo: Todo lo que necesitas saber | Actualidad y Consejos
#Inmigraci√≥n #Asilo #DerechosMigrantes #ProcesosMigratorios #Refugiados #InmigrantesEnEspa√±a #Pol√≠ticaMigratoria #Inmigraci√≥nGlobal #Inmigraci√≥nyDerechosHumanos #VenezolanosEnElExterior https://t.co/MspjYIhRt7",
Inmigraci√≥n,2024-07-11 03:10:14+00:00,1798941400492634112,"Inmigraci√≥n y Asilo: Todo lo que necesitas saber | Actualidad y Consejos
#Inmigraci√≥n #Asilo #DerechosMigrantes #ProcesosMigratorios #Refugiados #InmigrantesEnEspa√±a #Pol√≠ticaMigratoria #Inmigraci√≥nGlobal #Inmigraci√≥nyDerechosHumanos #VenezolanosEnElExterior https://t.co/rhbQ9rvZv5",
Inmigraci√≥n,2024-07-11 03:09:56+00:00,198579626,"@realCarola2Hope Se persiguen objetivos similares con el aborto, matrimonio gay, feminismo radical, inmigraci√≥n masiva ilegal,  hipersexualizaci√≥n y adoctrinamiento en pr√°cticas homosexuales por menores, normalizaci√≥n y legalizaci√≥n de pedofilia.. y detr√°s est√°n los mismos ""angelitos tal m√∫dicos""",
Inmigraci√≥n,2024-07-11 03:08:24+00:00,1798941400492634112,"C√≥mo solicitar asilo pol√≠tico en base a persecuci√≥n
#AsiloPol√≠tico #Persecuci√≥n #SolicitudDeAsilo #DerechosHumanos #Refugiados #Migraci√≥n #Protecci√≥n #Inmigraci√≥n #Pol√≠ticaMigratoria #Seguridad https://t.co/ChMv6DWuHi",
Inmigraci√≥n,2024-07-11 03:07:44+00:00,783096210,"@Yolanda_Diaz_ Tu si que debes responder ante la sociedad:
- Amnist√≠a 
- Empleo precario
- Inmigraci√≥n ilegal
- Impuesto sucesiones expropiatorio
- Revisionismo de los museos absurdo
- Robo de recursos para favorecer a catalanes y vascos
- Control del Poder Judicial
- Etc ...",
Inmigraci√≥n,2024-07-11 03:07:29+00:00,1500936876613586945,INMIGRACI√ìN (+) https://t.co/G4QTdHfSOV,
Inmigraci√≥n,2024-07-11 03:01:47+00:00,1623466620,@chemadepablo Tiene guasa que digan que ha contratado  trabajadores ilegales quienes dejan la puerta abierta a todo tipo de inmigracion ilegal que conlleva todo tipo de delitos. Me gustar√≠a saber que juez ha dado esa orden. De no ser as√≠ es toda una caza de brujas nazipsoeta,
Inmigraci√≥n,2024-07-11 03:00:00+00:00,236636515,"‚ÄúNo me dedico a la inmigraci√≥n ilegal‚Äù; Nacho Cano denuncia motivos pol√≠ticos en su detenci√≥n en Espa√±a.

Aqu√≠ nuestra conversaci√≥n en @radio_formula 

https://t.co/WKIlwxaPcE",
Organizaciones no gubernamentales (ONGs),2024-07-10 13:30:42+00:00,1797644591555907584,"@vox_es FIN A LAS AYUDAS A CUALQUIER ONG. Punto. ¬ø No son las ONGs, Organizaciones NO Gubernamentales. Qu√© ü•öü•öhacen recibiendo fondos del (los) GOBIERNO(s) ? NI CRUZ ROJA  NI C√ÅRITAS NI NINGUNA. Son entidades privadas sin fines de lucro. As√≠ que si no obtienen fondos privados q cierren.",
Organizaciones no gubernamentales (ONGs),2024-07-09 14:51:27+00:00,338387587,"El gobierno, en su capacidad soberana y administrativa, tiene la autoridad para decidir prescindir del trabajo de las ONGs en sus instituciones sin necesidad de una ley espec√≠fica que intervenga en las actividades privadas de las organizaciones no gubernamentales @enriquevp",
Organizaciones no gubernamentales (ONGs),2024-07-09 13:09:58+00:00,155876620,"Proyecto de Trasparentar las ONGs. 

El diputado @DiosnelD dijo que lo que buscar√≠a es limitar y satanizar las organizaciones no gubernamentales.

#1020AM @nanduti https://t.co/gWLZZiIFJd",
Organizaciones no gubernamentales (ONGs),2024-07-08 20:45:20+00:00,3384567928,"Yolanda Paredes dijo que as√≠ como algunos partidos de la Oposici√≥n reciben recursos de Ongs, el Partido Colorado tambi√©n recibe dinero de la ARP, UIP entre otros. Dijo durante el tratamiento del proyecto de ley de control a las Organizaciones No Gubernamentales @Universo970py https://t.co/iK9lpJAoAJ",
Organizaciones no gubernamentales (ONGs),2024-07-08 20:11:28+00:00,1644779908055302144,"@RossanaEs De repente, en las ONGs Organizaciones NO GUBERNAMENTALES (no son del gobierno pea heise) hay nepotismo. Pero la hija del vicepresidente, y todos los colo'o con toda su parentela en la funci√≥n p√∫blica, no son nepotismo. Todo el sentido del mundo. Paraguay.",
Organizaciones no gubernamentales (ONGs),2024-07-08 15:21:30+00:00,2677218079,"Las ONGs ‚Äîl√©ase Organizaciones No Gubernamentales‚Äî, ¬øpor qu√© necesitan subvenciones o dinero de los impuestos de los contribuyentes sin refer√©ndum? https://t.co/RbFJ25EMTX",
Organizaciones no gubernamentales (ONGs),2024-07-08 12:26:14+00:00,744014790394318849,"Sres @FARO_org qui√©n les dio potestad para representar a la sociedad civil en esta ""estrategia de integridad"" para las OSC y ONGs presentada por el gobierno actual? ¬ø¬øCu√°ndo, c√≥mo y d√≥nde fueron elegidos??

https://t.co/RWWzhqnsmy",
Organizaciones no gubernamentales (ONGs),2024-07-07 18:19:12+00:00,1391716276637216768,"@kikomane91 @vanev87 @aleperaltamerlo @bachinunezpy Las donaciones que reciben las ONGs de organismos, organizaciones privadas o fondos de otros gobiernos, no salen ƒèe tus impuestos @kikomane91
Por otro lado, el dinero que da el estado a organizaciones no gubernamentales (ONGs) ya tiene mecanismos de control establecidos.",
Organizaciones no gubernamentales (ONGs),2024-07-07 06:11:41+00:00,946239797798023168,"@DerechaPeru Esos dirigentes son financiados por ONGs nacionales y extranjeras para implantar en el Per√∫ un ambientalismo empobrecedor que perjudica, finalmente, a los agricultores. La pobreza es el negocio de esas Organizaciones No Gubernamentales que atacan al Estado cuando crea riqueza.",
Organizaciones no gubernamentales (ONGs),2024-07-06 21:49:40+00:00,1567933912420163586,"üí∏ #Econom√≠a 

Varios dirigentes de Organizaciones No Gubernamentales (ONGs), en una conferencia de prensa realizada este s√°bado, reclamaron un di√°logo urgente con el gobierno para debatir el proyecto de ley que controla sus actividades.

El Senado tratar√° el pr√≥ximo lunes, en‚Ä¶ https://t.co/hJ6gpa4fPZ https://t.co/6Q12Pq37n7",
Inmigrante,2024-07-11 03:08:13+00:00,1169710339207958529,"@NFT_Inmigrante @FranciaMarquezM @FCFSeleccionCol Lloreeeee, por que seguiremos 4 a√±os m√°s 
Jajjajajajaaja",
Inmigrante,2024-07-11 03:05:31+00:00,309774894,@NFT_Inmigrante @FranciaMarquezM @FCFSeleccionCol Ud no c√©lebre que ud es Israel√≠.,
Inmigrante,2024-07-11 03:04:56+00:00,195867434,"C√≥mo te vas a ir a los golpes con un colombiano inmigrante ilegal jajajaajja, te va a romper loco. https://t.co/QhxbwwEP00",
Inmigrante,2024-07-11 03:04:07+00:00,1779632598278393856,"@eduardomenoni Fomentando el odio..
De d√≥nde sacaste que es inmigrante? Vos y tu novia seudo espiritual son inmigrantes",
Inmigrante,2024-07-11 02:58:20+00:00,1529910865171992581,@24HorasTVN Pa variar una inmigrante re culia,
Inmigrante,2024-07-11 02:46:50+00:00,725762047326228485,"@TisAllFine @antonio339263 @MiguelM16634580 @FonsiLoaiza Si eres inmigrante de que viene coaccionada? De lo otro si consigues pasar realmente los requisitos te la dan durante un a√±o m√≠nimo y ya est√°...
Por cierto sabes lo que significa una coacci√≥n?üòÇ Te lo digo yo (amenazar, intimidar,presionar,imponer o chantajear)",
Inmigrante,2024-07-11 02:46:15+00:00,1501982810516697095,@GxlDePaulinho vo pedazo de un inmigrante no vez q le estaban pegando a las familia de los jugadores de uruguay,
Inmigrante,2024-07-11 02:43:45+00:00,1796300591263600640,"Y encima se sigue repartiendo ayudas a lo loco dando 
comida y vivienda a inmigrante ilegales
Un gobierno no=ONG , es una entidad que marca un orden y una estabilidad a sus ciudadanos , y ya hecha, intenta mejorar sus condiciones de vida . Despu√©s de esas tareas  ya haces eso https://t.co/VxvkzvMz9G",
Inmigrante,2024-07-11 02:36:52+00:00,992117249396817920,@vivalibre04 Xeso tanto inmigrante en Europa pero es para la guerra . No tanto xq est√©n bonitos.,
Inmigrante,2024-07-11 02:33:54+00:00,1672461529197821955,@f_e_f_o @dospesos_ @EmiSantini @GordoAntiProgre @elcancillercom Laburas desde los 18 a√±os de alba√±il o repositor? yo a diferencia de vos estoy terminando mis √∫ltimos a√±os de enfermer√≠a pedazo de pobre inmigrante,
Centro de detenci√≥n,2024-07-11 03:05:26+00:00,962006179550498816,@pelegrinc Ese no es el debate. Ahora las organizaciones piden que se abran las puertas de Haina y del centro de detenci√≥n de Santiago para que puedan realizar supervisi√≥n in situ. Porque dices que no est√°s violando las reglas de las condiciones humanas. No intentes distraer a la gente.,
Centro de detenci√≥n,2024-07-11 02:05:58+00:00,2710483338,@MashiRafael Ni en el IESS ni en la p√∫blica la atenci√≥n m√©dica es p√©sima peor en un centro de detenci√≥n,
Centro de detenci√≥n,2024-07-11 02:05:02+00:00,1506695708727984129,"‚ÄúMe siento c√≥mplice‚Äù: el dilema de un m√©dico israel√≠ que atendi√≥ a presos de Gaza en un centro de detenci√≥n y tortura
 https://t.co/dldfGN4DN5",
Centro de detenci√≥n,2024-07-11 01:21:04+00:00,1802526720907759616,@hijos_capital @ateddhhnacion ESMA centro de detenci√≥n para delitos de corrupci√≥n en democracia. Nunca mas tuertos https://t.co/JG5NE7y91z,
Centro de detenci√≥n,2024-07-10 22:57:26+00:00,1888499617,"instructor de los maquinistas.
El ""Cabez√≥n"", como le dec√≠an sus compa√±eros, fue secuestrado la madrugada del 10 de julio de 1978 de su casa en la localidad de Volc√°n, provincia de Jujuy. Permaneci√≥  cautivo en el Centro Clandestino de Detenci√≥n Tortura y Exterminio ""La Perla"".",
Centro de detenci√≥n,2024-07-10 22:42:39+00:00,972328504573485056,"@crumar92 Si, fue la c√°rcel m√°s donde peor trataban a los reos. La cerraron en 1991.
Por cierto me encontr√© este comunicado de prensa del ministerio de justicia y paz por si te interesa
https://t.co/w2HugXIwZY",
Centro de detenci√≥n,2024-07-10 22:32:48+00:00,1125387869726609408,"Carabineros de la 4¬™ Comisar√≠a #Cavancha junto al Centro de Alerta Municipal @IquiqueDeTodos procedio con la detenci√≥n de dos sujetos por el delito de robo frustrado de cables de electricidad subterr√°nea.
#OrdenyPatria https://t.co/UKb3PpNtZT",
Centro de detenci√≥n,2024-07-10 22:23:55+00:00,1044374927103717376,"@pablomontagna @TV_Publica @cocinerosarg Nunca @YoSoyMartiniano lograr√° un programa Federal como era Cocineros Argentinos. Bueno tampoco le importa.
Alguien que fue intendente y que no sab√≠a que El Poso de Quilmes no era un bache sino un centro clandestino de detenci√≥n, un buen ejemplo de estos tiempos negacionistas",
Centro de detenci√≥n,2024-07-10 21:42:17+00:00,1649126370713141249,"üî¥Durante la conversaci√≥n con EL PA√çS, el facultativo plantea varias veces dudas √©ticas y deontol√≥gicas sobre su visita. ‚ÄúLos m√©dicos no deber√≠amos atender nunca a pacientes con los ojos tapados‚Äù, lamenta https://t.co/hWsmmXZuWT",
Centro de detenci√≥n,2024-07-10 20:59:03+00:00,182393200,@Puntual24H Y quien paga los da√±os que causen? Esto es una invitaci√≥n a Marruecos a tratarnos como una guarder√≠a-centro de detenci√≥n de sus menores,
Regularizaci√≥n,2024-07-11 03:06:20+00:00,1811138437547765760,"@AJCASoubrier67 @SidolLpa Te refieres a la C√°ritas que ha promovido una Iniciativa Legislativa Popular (ILP) para legalizar a todos los que han dado una patada en la puerta?
https://t.co/hriqYdrIcR",
Regularizaci√≥n,2024-07-11 02:41:25+00:00,4264590941,"@JOSEMANUELSOTO1 @Pepa_Millan Y aceptar los menas no es un respiro??.  Y aceptar la regularizaci√≥n de ilegales,  y tramitar la amnist√≠a en el Senado, y..... Al PP le hace falta un poquito de vena combativa para ser cre√≠ble.  No vale con salir a hacer declaraciones √ëo√±as de vez en cuando.",
Regularizaci√≥n,2024-07-11 02:21:03+00:00,1724956780172611585,"@AAAD25 @eduardomenoni ""¬øAPOYAS la CONTUNDENTE regularizaci√≥n de precio por parte de este PATRIOTA? üî•""",
Regularizaci√≥n,2024-07-11 02:19:38+00:00,1194630518660190208,"@JA_Antelo @Santi_ABASCAL Saben que, con medidas de regularizaci√≥n de 500.000 ilegales y con la acogida sin fin de menas, el efecto llamada se propaga y amplifica, de tal forma que la avalancha de inmigraci√≥n ilegal no va a cesar jam√°s. 
¬ø Cu√°ndo y d√≥nde  van a poner el l√≠mite?¬ø Cu√°ndo tengamos+++",
Regularizaci√≥n,2024-07-11 02:13:41+00:00,1809325523233067008,@Mishellkandel1 @zoe_bombon Cuanto para las clases de regularizaci√≥n?,
Regularizaci√≥n,2024-07-11 02:00:01+00:00,175870200,"#CDMX | Vecinos de la colonia Xicalhuacan, #Xochimilco estrenan drenaje

El Jefe de Gobierno, @martibatres invirti√≥ 132 MDP en los trabajos de drenaje para evitar inundaciones, avanzar en la regularizaci√≥n del suministro y para a cuidar los canales.

https://t.co/4aXMn37G9x",
Regularizaci√≥n,2024-07-11 01:55:07+00:00,1297555591355719680,"@Zazuve3 Hola amiga @Zazuve3 y sigue disfrutando tu mi√©rcoles musical junto a tu familia.

Se te extra√±a mucho en la vieja escuela y te recuerdo que los s√°bados y domingos son clases de regularizaci√≥n de 4 a 6pm.",
Regularizaci√≥n,2024-07-11 01:37:43+00:00,186135394,"Como parte de las labores del RAN, derivadas de los acuerdos en las las mesas de trabajo para la regularizaci√≥n de las cl√≠nicas IMSS Bienestar, nuestra representaci√≥n en el Estado de M√©xico entreg√≥ al ISEM 90 ubicaciones de predio.
#ElRANCercaDeTi https://t.co/MULFipbeUA",
Regularizaci√≥n,2024-07-11 01:00:21+00:00,459202451,"@Proserpinasb De momento tenemos al PP entreg√°ndole el Constitucional, el CGPJ, negociando la J Electoral, aprobando la regularizaci√≥n de 500.000 ilegales, aceptando el reparto de menas, a Von der Leyen PP esperando ser reelegida con los votos de Pedro S√°nchez...

Si hay un culpable es el PP",
Regularizaci√≥n,2024-07-11 01:00:04+00:00,2542179601,"#Municipios || OFRECE APIZACO PROGRAMA DE REGULARIZACI√ìN DE LICENCIAS DE FUNCIONAMIENTO
#FmCentro
#CentroInformativo
https://t.co/jnFGsi67rN",
Coyotes,2024-07-11 03:12:19+00:00,1463895379997605896,"Esos maricas llegaron a USA con los coyotes, no tengo pruebas pero tampoco dudas https://t.co/O3xnMPQKYD",
Coyotes,2024-07-11 03:12:15+00:00,73571203,"¬øY quien les dice algo a los mierdas estos?
Coyotes de la misma loma, bola de mafiosos... https://t.co/txdvO0gj0q",
Coyotes,2024-07-11 03:06:30+00:00,758361660,"COYOTES PATRIOTAS Y CIUDADANOS LIBRES ‚ÄºÔ∏è 
A DIVERTIRSE UN POCO...

https://t.co/wpuhq0nmQT",
Coyotes,2024-07-11 02:57:17+00:00,1305116017694253057,@Eduardo_Panta @CampoStuardo Coyotes de la misma loma!!!,
Coyotes,2024-07-11 02:42:41+00:00,1356825812197064705,@TitanesMX4 @Atlante @Chiapas_FC @TapatioCD @Coyotes_Oficial @MinerosFc @TorosCelayaCD @Dorados @JaibaBrava_TM @AlebrijesOaxaca @venadosfc @atleticolapaz @AlacranesdDGO @CFCorrecaminos @cancun_fc @CimarronesFC @C_A_Morelia Uno con el actual plis,
Coyotes,2024-07-11 02:38:13+00:00,1479181188812132353,"Que iba a hacer Darwin N√∫√±ez ah√≠, si el tipo que le meti√≥ su manazo tiene pinta de haber cruzado el Dari√©n 30 veces y robar a los propios coyotes. https://t.co/WAfA9DQBBg",
Coyotes,2024-07-11 02:20:49+00:00,1464790007898591244,"@salomondrin Papirr√≠n!!! vivo en OC  y se han visto un chingo de coyotes ultimamente pa que se pongan truchas con Fiona aunque es grande pero ya est√° viejita...ah y si tambien hay un chingo de pericos, pa que no te tire a loco la Belen üòÇ",
Coyotes,2024-07-11 02:15:30+00:00,905997806384513024,"- El proyecto busca transmitir un mensaje sobre la identidad de los pueblos, el cuidado a las infancias y el rescate de la lengua mixteca

Oaxaca de Ju√°rez, Oax. 10 de julio de 2024.-¬†El cortometraje El Canto de los Coyotes se encuentra en proceso de
https://t.co/N7S4LcXs2i https://t.co/IBLXBBPac7",
Coyotes,2024-07-11 02:03:19+00:00,1087380476971675649,"@ElHermosoVilli7 @Atlante @Chiapas_FC @TapatioCD @Coyotes_Oficial @MinerosFc @TorosCelayaCD @Dorados @JaibaBrava_TM @AlebrijesOaxaca @venadosfc @atleticolapaz @AlacranesdDGO @CFCorrecaminos @cancun_fc @CimarronesFC @C_A_Morelia Cu√°l de todos, Bro?",
Coyotes,2024-07-11 01:48:32+00:00,1144281126124625920,"@petrogustavo Ay por favor ! Y donde deja la cantidad de ni√±os que han sido violados, donde deja a los coyotes que se favorecen, la inseguridad?? controle m√°s bien esa frontera! Y deje de meterse con Panam√° üáµüá¶",
Asilo,2024-07-11 03:13:31+00:00,1138108245111902208,"@CNNEE amigos pero si tanta lastima les dan, porque no se los llevan...denles asilo pol√≠tico ...nos har√°n un gran favor",
Asilo,2024-07-11 03:12:59+00:00,1480252165826527241,@MendezAzahar Ya solo esta momia lambiscona va quedando del asilo de focas,
Asilo,2024-07-11 03:10:19+00:00,1798941400492634112,"Inmigraci√≥n y Asilo: Todo lo que necesitas saber | Actualidad y Consejos
#Inmigraci√≥n #Asilo #DerechosMigrantes #ProcesosMigratorios #Refugiados #InmigrantesEnEspa√±a #Pol√≠ticaMigratoria #Inmigraci√≥nGlobal #Inmigraci√≥nyDerechosHumanos #VenezolanosEnElExterior https://t.co/MspjYIhRt7",
Asilo,2024-07-11 03:10:14+00:00,1798941400492634112,"Inmigraci√≥n y Asilo: Todo lo que necesitas saber | Actualidad y Consejos
#Inmigraci√≥n #Asilo #DerechosMigrantes #ProcesosMigratorios #Refugiados #InmigrantesEnEspa√±a #Pol√≠ticaMigratoria #Inmigraci√≥nGlobal #Inmigraci√≥nyDerechosHumanos #VenezolanosEnElExterior https://t.co/rhbQ9rvZv5",
Asilo,2024-07-11 03:08:24+00:00,1798941400492634112,"C√≥mo solicitar asilo pol√≠tico en base a persecuci√≥n
#AsiloPol√≠tico #Persecuci√≥n #SolicitudDeAsilo #DerechosHumanos #Refugiados #Migraci√≥n #Protecci√≥n #Inmigraci√≥n #Pol√≠ticaMigratoria #Seguridad https://t.co/ChMv6DWuHi",
Asilo,2024-07-11 03:07:06+00:00,2518004870,Pedro Castillo muestra documento de la Embajada de M√©xico donde aclara que no pidi√≥ asilo pol√≠tico - La Rep√∫blica Per√∫ https://t.co/A3xLubPy0t,
Asilo,2024-07-11 03:07:06+00:00,725391519788703744,Pedro Castillo muestra documento de la Embajada de M√©xico donde aclara que no pidi√≥ asilo pol√≠tico - La Rep√∫blica Per√∫ https://t.co/t0P445D4gA,
Asilo,2024-07-11 03:07:06+00:00,725386630593437697,Pedro Castillo muestra documento de la Embajada de M√©xico donde aclara que no pidi√≥ asilo pol√≠tico - La Rep√∫blica Per√∫ https://t.co/Asodzd4rnX,
Asilo,2024-07-11 03:02:49+00:00,245919793,"La escuela no es un asilo de adolescentes, debe ser m√°s y mejor que eso. El modelo de la escuela media (que todos los funcionarios cursaron) con ciclo b√°sico obligatorio y buenas ofertas de oficios requeridos por el mercado dio resultado durante d√©cadas. (+)",
Asilo,2024-07-11 03:02:06+00:00,3111672126,"R√°pido, denme asilo.üòû https://t.co/8ZhcTgK3D0",
Migrante,2024-07-11 03:12:24+00:00,4716789463,"Esta tarde, el Director General de Vinculaci√≥n con Organismos Internacionales, Daniel Agis Eslava, junto al Jefe de Departamento de Protecci√≥n al Migrante Internacional, Irving A. G√≥mez Morales. https://t.co/fx1zNvtaSx",
Migrante,2024-07-11 03:10:44+00:00,1558133921644158976,"La #inflaci√≥n y el alto flujo migratorio provocaron que el costo de mantener a un migrante varado en la frontera sur de #M√©xico se triplicara, seg√∫n c√°lculos de la @CanacoTapachula, donde grupos ciudadanos dicen asumir este gasto ante la inacci√≥n de la #4T. https://t.co/0DheZBS4Gm",
Migrante,2024-07-11 03:10:00+00:00,1549181490143133697,"De üóìÔ∏èlunes a viernes, sigue la #ConferenciaMatutinaPresidencial, encabezada por el presidente @lopezobrador_ enüì∫#TvMigrante

Centroüá≤üáΩ|‚è∞07:00H
Esteüá∫üá∏|‚è∞08:00H
Oesteüá∫üá∏|‚è∞05:00H

Por la #Appüì≤ de @MxPlusTV üëâhttps://t.co/xxDG8ceeOS https://t.co/9A2CEmTbs4",
Migrante,2024-07-11 03:09:41+00:00,1651700336292134913,"@ElMisterPeri Jajajaja mierdolombiano migrante en Estados Unidos y ahora detenido xd, morir√° siendo pobre, en un pa√≠s de mrda como Mierdolombia, y Darwin Nu√±ez ni se inmutara de su existencia",
Migrante,2024-07-11 02:59:00+00:00,144558275,Migrante venezolana fue asesinada en Guyana https://t.co/D06UQvbpDl #INTERNACIONALES,
Migrante,2024-07-11 02:55:43+00:00,1234494092714872836,"#LaPersoner√≠aseMueve

La Personer√≠a Distrital por medio de la Profesional Universitaria de apoyo de los derechos humanos Estefania Valencia, particip√≥ en la convocatoria a la sesi√≥n extraordinaria del comit√© distrital de atenci√≥n a poblaci√≥n migrante, refugiados y retomados. https://t.co/vqlBGJO6oY",
Migrante,2024-07-11 02:51:15+00:00,1104815875,El costo de mantener a un migrante en la frontera sur de M√©xico se triplica - https://t.co/al1PjguFoO https://t.co/Abo7r9vXEf,
Migrante,2024-07-11 02:50:59+00:00,224369407,@isaacdubon7 @PartidoSalvador @allanmacotto @dermaligia @FatimaMenaHN @drcumana @CarlentonDavila Y el partido migrante? @PMHondureno,
Migrante,2024-07-11 02:50:00+00:00,35977487,"La CNDH expuso en sus recomendaciones que un hombre de origen hondure√±o, quien viajaba con la caravana migrante, perdi√≥ el conocimiento cuando estaba en Huixtla y empleados de la Ssa estatal omitieron la atenci√≥n de #urgencia
https://t.co/k5U6O24Adr",
Migrante,2024-07-11 02:47:26+00:00,1700187238011641856,"Dios te bendiga, amigo migrante.

Colombia eres t√∫. https://t.co/JnSS6fDd4f",
Xenofobia,2024-07-11 03:14:17+00:00,1221221922828177408,"@omarpercival @jen0165 @SergioADippW De nuevo √±ero, le dir√© lo mismo, xenofobia no es necesaria, YA QUE MUCHOS URUGUAYOS, MEXICANOS, ARGENTINOS Y MAS PAISES TUVIMOS QUE MIGRAR POR UN FUTURO MEJOR, todos parce, no hay pa√≠s LATINO que no halla migrado, respete",
Xenofobia,2024-07-11 03:14:15+00:00,1659766706745556992,@Sugar_RoseLush Racista tambi√©n cuenta la xenofobia ?,
Xenofobia,2024-07-11 03:12:42+00:00,1221221922828177408,"@omarpercival @tiagouy @SergioADippW 2. Parce, la xenofobia NUNCA SERA UNA RESPUESTA, as√≠ que le pido que respete y sea respetuoso pero, no toda la gente es as√≠ de aleta (brusca) como ellos, as√≠ que calmela, me parece el colmo su generalizaci√≥n y su xenofobia",
Xenofobia,2024-07-11 03:12:32+00:00,1534542982438866944,@MrOFFSIDER Dejando fuera a Aguinaga para que esos sin preparaci√≥n y llenos de xenofobia?,
Xenofobia,2024-07-11 03:12:00+00:00,1258978564185239558,"Las burlas de esa gente no salen de: Racismo, Xenofobia, Drogas, amor an√≠mense y sean m√°s creativos",
Xenofobia,2024-07-11 03:11:43+00:00,1709334864279777280,"@Demon74313 @FreddyLabra @Mr_Vinotinto Argentina tiene mas de 300mil venezolanos, la mitad que tiene chile y no es ni una fracci√≥n de la xenofobia de estos otros. Los otros te llaman veneco y nadamas metete en sus redes y ve como te tiran bilis",
Xenofobia,2024-07-11 03:10:45+00:00,1390702573,imaginate haber nacido en europa y perderte el pase libre a la xenofobia q nos da el f√∫tbol latinoamericano,
Xenofobia,2024-07-11 03:10:39+00:00,1779708929015975936,Que asco que empiecen con esa xenofobia de mierda.,
Xenofobia,2024-07-11 03:10:29+00:00,1387134064646295556,"@Jagdpanzer_uwu Esta clase de torneos son medio una excusa para sacar la xenofobia entre los hinchas, mientras no se tome tan personal digo que no es tan malo",
Xenofobia,2024-07-11 03:09:00+00:00,937829486229323776,"@SimonBenjaminT @piensador_ @SC_ESPN bo pedazo de pelotudo importante, si le empiezan a pegar a personas que son hinchas tuyos, que encima van cargando beb√©s y est√°n con menores de edad, vos no los salis a defender? DEJ√Å TU XENOFOBIA CONTRA LOS URUGUAYOS Y PENS√Å",
Visado de tr√°nsito,2024-07-10 19:18:05+00:00,743456072673992704,"El visado de tr√°nsito incrementa la afluencia de turistas en Qatar, Arabia Saud√≠ y Emiratos √Årabes https://t.co/9Dt9x6UcdK",
Visado de tr√°nsito,2024-07-10 18:19:46+00:00,7556392,"El visado de tr√°nsito crece e incrementa la afluencia de turistas en Qatar, Arabia Saud√≠ y Emiratos √Årabes https://t.co/OEmrJneVTf",
Visado de tr√°nsito,2024-07-10 17:42:13+00:00,302842854,"El visado de tr√°nsito incrementa la afluencia de turistas en Qatar, Arabia Saud√≠ y Emiratos √Årabes https://t.co/VoyFoHbSBS",
Visado de tr√°nsito,2024-07-10 14:09:06+00:00,247273686,"El visado de tr√°nsito aumenta la afluencia de turistas en Qatar, Arabia Saud√≠ y Emiratos https://t.co/FbUFUaZmab",
Visado de tr√°nsito,2024-07-10 12:37:18+00:00,604846163,Solicitamos que se reconsideren la decisi√≥n de imponer el visado de tr√°nsito a personas de Sud√°n y Chad. v√≠a @CoordiONGD https://t.co/ycG1cJQOCM,
Visado de tr√°nsito,2024-07-10 11:15:22+00:00,21667065,"üì£ Pedimos al Gobierno que elimine la imposici√≥n de un visado de tr√°nsito a personas procedentes de Sud√°n y Chad.

Esta decisi√≥n afecta gravemente a las personas que huyen de la guerra en Sud√°n, as√≠ como el vecino Chad.

#HablemosdeSud√°n

üîó https://t.co/W3ICdzWnGQ https://t.co/W5yFGpnYot",
Visado de tr√°nsito,2024-07-10 09:17:29+00:00,1666721000556208128,"El visado de tr√°nsito incrementa la afluencia de turistas en Qatar, Arabia Saud√≠ y Emiratos √Årabes Unidos

https://t.co/mfyhsxMFQI",
Visado de tr√°nsito,2024-07-10 08:23:15+00:00,1262523320,"Espa√±a requerir√° visado de tr√°nsito a personas de Sudan y Chad, impidiendo el acceso al asilo https://t.co/xsMa7FROt1 a trav√©s de @diario_red_",
Visado de tr√°nsito,2024-07-10 06:45:33+00:00,387223798,"Espa√±a requerir√° visado de tr√°nsito a personas de Sudan y Chad, impidiendo el acceso al asilo https://t.co/VYTQQhebB5 a trav√©s de @diario_red_",
Visado de tr√°nsito,2024-07-10 06:36:21+00:00,307891015,"Comunicado | Solicitamos que se reconsideren la decisi√≥n de imponer el visado de tr√°nsito a personas de Sud√°n y Chad.

https://t.co/TetCeFzU1u",
Tr√°fico de personas,2024-07-11 03:00:45+00:00,67673647,"@ElSalvadorBirds Aqu√≠ en USA varias personas lo tienen como mascota. Hay un tr√°fico tremendo de animale ex√≥ticos, que los ricos los compran.",
Tr√°fico de personas,2024-07-11 02:45:03+00:00,55660696,"Al menos 900 personas han muerto en Honduras en accidentes de tr√°fico en 2024 

#NoticiasSIN #SIN24Horas  #GrupoSIN #aliciaortega @aliciaortegah

https://t.co/K13RNDUJiR https://t.co/t8qmLlr70P",
Tr√°fico de personas,2024-07-11 02:36:54+00:00,1649968718925946881,"@robertotaboada5 A principio de este a√±o se armo un debate con los diputados para cambiar la justicia entre ellas se hablo del trafico de personas, se propuso una intervenci√≥n mas fuerte de las FFAA a lo que la respuesta de la oposici√≥n fue :
-No queremos volver a tiempos de la dictadura
y ahora?",
Tr√°fico de personas,2024-07-11 02:32:36+00:00,107265881,"#Sonora FGR Sonora vincula a proceso a 16 personas por tr√°fico de migrantes
A trav√©s de diversos operativos de seguridad, particularmente en Nogales y San Luis R√≠o Clorado, es como se han podido detectar
https://t.co/ZsQhGSoUXt",
Tr√°fico de personas,2024-07-11 02:26:16+00:00,152382259,@CFEmx @Trafico_ZMG @GuadalajaraGob Poste desbarat√°ndose con peligro de afectar a personas y veh√≠culos en la calle Rafael Martinez entre Francisco Mart√≠n del Campo y Manuel D√°valos en la Col. Jardines Alcalde https://t.co/KZQw0DEK5w,
Tr√°fico de personas,2024-07-11 02:23:17+00:00,1655768107229626368,"@valentin_guitar @MaLuzPy @AllianaPedro @SantiPenap El secre bachiller vice pdte cometiendo tr√°fico de influencias..
101 personas en la EBY 
modelos ,militares,seccionaleros 
Haupei ? Alima√±a ???
Juicio pol√≠tico si era un opositor aya ????",
Tr√°fico de personas,2024-07-11 02:18:13+00:00,1655768107229626368,"Y como llegaron estas personas a la EBY ?
TRAFICO DE INFLUENCIAS?
USO Y ABUSO DE PODER ?
y la Trasparencia donde esta ??

Vice pdte haupei https://t.co/gjSoAXbVB6 https://t.co/8VK0Wrniov",
Tr√°fico de personas,2024-07-11 01:42:23+00:00,1452003624398299144,"@Lope_afonso @ppdetenerife @PPCabildoTF @ppdecanarias @MDominguez_pp Repartir inmigrantes ilegales no resuelve el problema,dicho conflicto seguir√° mientras las mafias de tr√°fico de personas quieran enriquecerse ü§¶üèºü§¶üèºü§¶üèº https://t.co/yaNpUf57Bl",
Tr√°fico de personas,2024-07-11 01:39:45+00:00,1542023767,@gustavovaldesok @CorrientesGob Sabes algo del trafico de personas?,
Tr√°fico de personas,2024-07-11 01:36:34+00:00,195813574,En M√©xico y otros lugares del planeta hay cuevas que tienen a personas en jaulas esperando ser ejecutadas para luego extraer sus √≥rganos y venderlos y luego esos cuerpos son disueltos en pozos de √°cido por los pozoleros y ning√∫n gobierno hace nada por detener ese tr√°fico.,
Albergue,2024-07-11 03:09:00+00:00,83960701,"Los fondos recaudados en el evento deportivo 21K Roat√°n ser√°n destinados para apoyar a los ni√±os del hogar Sandy Bay Lighthouse Ministries, que da albergue y seguridad a ni√±os v√≠ctimas de la violencia en la isla de #Honduras. https://t.co/zVhu4S1nMH",
Albergue,2024-07-11 03:07:26+00:00,859793003950592002,"üî∂Ô∏è #Oruro | La Unidad de Zoonosis organiza una campa√±a de adopci√≥n de perros este domingo. Adem√°s, se continuar√° con la vacunaci√≥n antirr√°bica para caninos y felinos. La poblaci√≥n tambi√©n podr√° dejar sus donativos para el albergue ""Angelino"".  https://t.co/ex7dsPrbT4 https://t.co/IuqYH6s510",
Albergue,2024-07-11 03:00:01+00:00,235332308,"#NacionalesAGN | El presidente @BArevalodeLeon visit√≥ el albergue que resguarda a las familias afectadas por el derrumbe que sepult√≥ a dos ni√±as el lunes por la noche en la colonia El Papur, Pastores, Sacatep√©quez.  

üñäÔ∏è@YuliMunozGT

Detalles en la nota üëá
https://t.co/HmSNqyVXyq",
Albergue,2024-07-11 02:57:51+00:00,1675622234226847749,"‚Ä¢OPERATIVO FR√çO‚Ä¢‚ùÑÔ∏è
Micros solidarios en Plaza de Mayo.
Esta iniciativa llevada a cabo por Fundaci√≥n Flecha Bus y Red Solidaria, brinda una cena, albergue en los micros y un desayuno, a personas en situaci√≥n de calle.
Si quer√©s ayudar con donaciones, comunicate tel- 115746 8470. https://t.co/luYR0PZRkO",
Albergue,2024-07-11 02:35:40+00:00,1649126370713141249,"üá∫üá∏ @el_paisus | Con los servicios de acogida de Estado de Massachusetts desbordados, los migrantes, muchas familias enteras con ni√±os peque√±os, aguardaban la noticia de un espacio libre en Boston https://t.co/c5UB86GYJI",
Albergue,2024-07-11 02:25:13+00:00,2828470096,"#Migracion ¬°Ent√©rate! Unos 42 migrantes venezolanos y 1 colombiano son condenados a prisi√≥n de hasta 4 a√±os por incendio de albergue en el #Dari√©n
https://t.co/QbEO3pgeMj",
Albergue,2024-07-11 02:22:38+00:00,3296115013,"Est√°n solicitando donaciones para un albergue para personas con c√°ncer 
Ayuda a qu√© no los desalojenüòî https://t.co/SNbAjQgTqd",
Albergue,2024-07-11 02:08:49+00:00,1477909776227090434,üö®üö®üö®üö® no ten√≠a idea que exist√≠a un albergue con este prop√≥sito. Apoyemos las buenas obras‚Ä¶ ü•∫üôåüèª con difundir tambi√©n apoyas. https://t.co/1USpJbwiBF,
Albergue,2024-07-11 02:06:56+00:00,1054118078,"@PedroRe70973437 @PolisucreOficia @SomosNevado @LuisSuceso @MorenoRosales21 @CarmenZR4 @imapsas No es albergue creo que nadie lo ha mencionado es solo un perrito comunitario, que merece respeto aunque sea animal, y mucha consideraci√≥n, y la forma que lo sacan de all√≠ no es la correcta, es una vida #NoAlMaltratoAnimal",
Albergue,2024-07-11 01:59:08+00:00,74015550,El Presidente Bernardo Ar√©valo visit√≥ a las 58 familias damnificadas por derrumbe de tierra y que ahora se encuentra en un albergue de Pastores Sacatep√©quez. https://t.co/gxm7WVFkG2,
Muro fronterizo,2024-07-10 19:27:15+00:00,1554853432887939074,"Un grupo de migrantes intentaba cruzar el muro fronterizo desde #Tijuana, hecho que termin√≥ con la fuga del 'pollero' al percatarse de autoridades.
https://t.co/2K0krOUVFu",
Muro fronterizo,2024-07-10 16:11:37+00:00,951261299526324224,"@tonielfant87666 @vox_es @Jorgebuxade Bueno, en la frontera de M√©xico con Estados Unidos, muchos padres latinoamericanos echaban a sus hijos muy peque√±os por el muro fronterizo para q lo acogieran en USA, fijate la, desesperaci√≥n de esos padres al preferir dejarlos solos en USA, q en el peligro de sus pa√≠ses",
Muro fronterizo,2024-07-10 13:15:08+00:00,1561110475324243970,"Un gran conflicto militar con Haiti es una tarea pendiente. Nada ni nadie nos salvara de ese pleito. Solo es una cuesti√≥n de tiempo. La presi√≥n poblacional en busca de agua y alimentos y la idea de los haitianos de que expandirse hacia este lado. Muro fronterizo, servicio militar",
Muro fronterizo,2024-07-10 03:47:15+00:00,882035880600403970,Di nuevamente en el clavo al estar viendo que como estratega poner un. Muro fronterizo en el Dari√©n es m√°s f√°cil que en M√©xico. Panam√° es peque√±a y eso lo sabe @LaCasaBlanca @JoseRaulMulino Todo bien planeado sale mejor. @ONU_es https://t.co/xt5Jhw4OLu,
Muro fronterizo,2024-07-09 23:29:04+00:00,2986711348,"(2/2) ...de dise√±adores, arquitectos, artistas y defensores de la comunidad, trabajando para unir estas dos ciudades divididas por un muro fronterizo, pero que desarollan toda una serie de proyectos binacionales.  #intersecciones #sandiego #tijuana #WDC2024 https://t.co/49vLsC1riL",
Muro fronterizo,2024-07-09 22:03:00+00:00,3254050861,"Bajo el lema ‚ÄúAm√©rica primero‚Äù, los fan√°ticos en #EEUU siguen emprendiendo una guerra clasista contra los diferentes, dondequiera que se encuentren. Es la raz√≥n de lucha contra terrorismo, migrantes y en pro muro fronterizo
https://t.co/4nXacxovFm",
Muro fronterizo,2024-07-09 22:00:01+00:00,3408750432,"Bajo el lema ‚ÄúAm√©rica primero‚Äù, los fan√°ticos en #EEUU siguen emprendiendo una guerra clasista contra los diferentes, dondequiera que se encuentren. Es la raz√≥n de lucha contra terrorismo, migrantes y en pro muro fronterizo
https://t.co/7MboZl0ULq",
Muro fronterizo,2024-07-09 18:50:09+00:00,68928118,Naturaleza interrumpida: el impacto del muro fronterizo entre EE.UU. y M√©xico en la fauna salvaje https://t.co/h6Z8FQQlX1 #Tucson #Arizona,
Muro fronterizo,2024-07-09 04:09:29+00:00,162914412,"El muro fronterizo entre M√©xico y EE.UU., construido durante la presidencia de Clinton en los 90s, se extiende 706 millas. Dise√±ado para frenar la inmigraci√≥n ilegal y el contrabando, su segmento Tijuana-San Diego alcanza 30 pies. Simboliza las tensiones entre ambos pa√≠ses. https://t.co/P55tpCfEC1",
Muro fronterizo,2024-07-09 02:49:11+00:00,466102660,"@rafaelgil251051 Eso parte el alma, un muro fronterizo y un hombre quita una alambrada como quitar o desenredar una soga üòÇüòÇüòÇüòÇ",
Migraci√≥n M√©xico,2024-07-11 03:01:32+00:00,1430656198991392772,"@1ifelinaaa El cambio de presidente fue hace 7M, vamos a estar as√≠ m√≠nimo 2 a√±os ¬øY cual hay? Por suerte el tema de la econom√≠a del pa√≠s es solucionable. A los narcos dominando todo M√©xico no los sacas m√°s. Hablas de recurrir a la violencia y migraci√≥n porqu√© en eso ustds son expertos ü´¶ https://t.co/lolJ2u1wyZ",
Migraci√≥n M√©xico,2024-07-11 02:48:48+00:00,1489698681104351244,"@CoffeGourmet amigo ese bache econ√≥mico as√≠ como van va a llegar a un momento donde no van a poder salir aikajajajj y solo les va a quedar eso, recurrir a la violencia y migraci√≥n para poder SOBREVIVIR, no argentina arriba de M√©xico https://t.co/8NfU6tJeNh",
Migraci√≥n M√©xico,2024-07-11 02:32:43+00:00,1331781110368505856,"@frattmine @SaulPeralta_S @LeagueOfi Los colombianos est√°n mendigando en M√©xico, as√≠ que son los menos indicados para sacar lo d la migraci√≥n",
Migraci√≥n M√©xico,2024-07-11 02:04:45+00:00,1768515980790046720,@record_mexico Migraci√≥n ya haz tu chamba  y aprovecha este domingo para pedirle papeles a colombianos y argentinos,
Migraci√≥n M√©xico,2024-07-11 02:03:20+00:00,196342657,"Nos vemos este jueves 11 de julio en la emisi√≥n matutina de ""En Voz Alta"" para hablar de migraci√≥n de ecuatorianos en M√©xico üéô‚ò∫ @ContinenteMovil https://t.co/4wi8hV9ISt",
Migraci√≥n M√©xico,2024-07-11 01:57:52+00:00,1768515980790046720,"Migraci√≥n. @SRE_mx  atentos al partido  de domingo aqu√≠ en üá≤üáΩ entre Colombia y Argentina , deporten a tanto sudaca que hay en M√©xico 

Gracias",
Migraci√≥n M√©xico,2024-07-11 01:53:54+00:00,1320418323851546626,"√önete a nosotros mientras exploramos historias inspiradoras y consejos pr√°cticos en este emocionante viaje hacia el √©xito. üá∫üá∏üí´

#mexico #nuevoenus  #tampabay #florida #tampa #usa #englishclasses #clasesdeingles #tps #migracion #migrantes #refugiados https://t.co/hrmkNBoXgz",
Migraci√≥n M√©xico,2024-07-11 01:05:11+00:00,67423005,"Saben que signifcara los Trenes en Mexico ? mas narcotrafico y mas migracion ilegal, Mexico no quiere reselover el tema de la Violencia que esta imparable y peor que nunca y asi quiere darle mas herramientas a los delincuentes, pero si abrazos no balazos.",
Migraci√≥n M√©xico,2024-07-11 01:00:00+00:00,388467491,"En la proyecci√≥n del documental ""Las Colonias"" del director Luis Lazalde, descubre la historia de una comunidad menonita en el norte de M√©xico, que lucha por conservar sus tradiciones frente al avance del progreso y la migraci√≥n.

üóìÔ∏èViernes 12
‚è∞19 h
üìç@MNCP_DGCP
üéüÔ∏è#EntradaLibre https://t.co/GNQ0kJoxcH",
Migraci√≥n M√©xico,2024-07-11 00:00:37+00:00,35619075,"""Ante la probable elecci√≥n de Trump a la presidencia de EEUU ser√° dif√≠cil establecer prioridades que no sean la seguridad y el control de la migraci√≥n... pondr√° a prueba las capacidades de negociaci√≥n y la paciencia, de la presidenta de M√©xico""...
https://t.co/HxZWrpE0G1",
Albergue M√©xico,2024-07-11 00:55:15+00:00,1675922683173675008,"@AlcCuauhtemocMx El se√±or no le hace da√±o a nadie, cuida de sus animales, barre las calles para obtener sustento para alimentarse, as√≠ como SANDRA CUEVAS les hizo su albergue a los INMIGRANTES que no tienen ning√∫n derecho aqu√≠ en M√âXICO. +",
Albergue M√©xico,2024-07-10 20:32:15+00:00,228171408,"üö∏ @PGNguatemala brinda acompa√±amiento a 41 ni√±as, ni√±os y adolescentes migrantes retornados desde #M√©xico

Instituci√≥n realiz√≥ traslado hasta albergue donde permanecer√°n hasta ser reunificados con sus familias.

Mil 829 menores han sido retornados v√≠a a√©rea o terrestre en 2024. https://t.co/A0qBEuUrFY https://t.co/1bU4JEYswB",
Albergue M√©xico,2024-07-10 20:31:55+00:00,151154260,"üö∏ @PGNguatemala brinda acompa√±amiento a 41 ni√±as, ni√±os y adolescentes migrantes retornados desde #M√©xico

Instituci√≥n realiz√≥ traslado hasta albergue donde permanecer√°n hasta ser reunificados con sus familias.

Mil 829 menores han sido retornados v√≠a a√©rea o terrestre en 2024. https://t.co/fX1DcFZEzE https://t.co/Fvv0HwnlvY",
Albergue M√©xico,2024-07-10 19:32:16+00:00,109029175,"No Discrimines! Todos los Animales de Compa√±√≠a son iguales Hay muchos esperando UNA OPORTUNIDAD de tener un Hogar y una Familia! donde les den Cuidados y Amor üê±üê∂

Ac√©rcate a Asociaciones Fundaciones Albergue Refugios Grupos Rescatistas üôåüè°üíñ

#AdoptaYCambiaUnaVida 
#Mexico https://t.co/T9xqYv1kV5 https://t.co/u3EVcH0dbQ",
Albergue M√©xico,2024-07-10 17:42:20+00:00,1594825806382931968,"C√≥mo ese negocio casa Frida LGBT en Iztapalapa M√©xico 
Lucra a todas luces
haci√©ndose las v√≠ctimas
enga√±ando gente vulnerable 
Para solicitar m√°s dinero 
Drog√°ndose en v√≠a p√∫blica 
Afuera de su albergue disfrazado 
Destruyendo familias 
Pas√°ndose las leyes por el arco del triunfo",
Albergue M√©xico,2024-07-10 17:24:59+00:00,378690026,@diosapicajosa @MistralS @el_pais No creo q el musical en M√©xico albergue simpat√≠as ...,
Albergue M√©xico,2024-07-10 15:19:47+00:00,1245814842801324032,√öltimos d√≠as de Albergue Transitorio edici√≥n San Miguel de Allende sede Hotel Los Olivos üíô #YookoStudio #pottery #ceramica #Mexico https://t.co/7U8sx1GFqS,
Albergue M√©xico,2024-07-10 04:15:36+00:00,109651819,"J√≥venes de la comunidad LGBTIQ+ huyen de la violencia en sus pa√≠ses de origen y hallan refugio en M√©xico. Casa Frida es un albergue clave para su integraci√≥n y protecci√≥n.

https://t.co/PRVw7ErZzn",
Albergue M√©xico,2024-07-09 21:01:33+00:00,1008403240944328705,"#LaFoto üì∏ Thaeli Benoit (46), migrante de Nicaragua y miembro de la comunidad LGBTQ, observa su tel√©fono en un albergue de Baja California, M√©xico.

Los migrantes LGBTQ, considerados entre los m√°s vulnerables de los que buscan una vida mejor en EEUU, han encontrado alivio en‚Ä¶ https://t.co/jNzDxwxQ8G https://t.co/cXYycPFtww",
Albergue M√©xico,2024-07-09 21:00:07+00:00,26591584,"‚≠ïÔ∏è | Texas investiga a grupos que ayudan a migrantes en la frontera pese a orden judicial que protege a refugios. Aqu√≠ detalles üëá üîó

 https://t.co/sEHjKGI38F",
Tr√°fico de personas M√©xico,2024-07-11 01:36:34+00:00,195813574,En M√©xico y otros lugares del planeta hay cuevas que tienen a personas en jaulas esperando ser ejecutadas para luego extraer sus √≥rganos y venderlos y luego esos cuerpos son disueltos en pozos de √°cido por los pozoleros y ning√∫n gobierno hace nada por detener ese tr√°fico.,
Tr√°fico de personas M√©xico,2024-07-11 00:15:14+00:00,1069691109369106435,"@VeroTeigeiro Yo vivo en la parte sureste de M√©xico pr√°cticamente es una muy buena modalidad de movilidad para personas qu√© tienen a viajar varias veces al no tener un veh√≠culo y no querer transitar grandes trayectos, s√≠ muchos usan los camiones e incluso las camionetas esto reduce el tr√°fico",
Tr√°fico de personas M√©xico,2024-07-10 22:27:02+00:00,102244899,"üî¥ Al aire en #F√≥rmulaNoticias #Sonora
¬†
‚ö†Ô∏èVinculan a 16 personas por trafico de migrantes en #Sonora
¬†
üëâüèª Contin√∫a bloqueo de pipas contra Grupo M√©xico (@GMexico_oficial) en #Cananea 
¬†
üëâüèª Exige Justicia familiares de hombre fallecido en accidente que involucra al boxeador‚Ä¶ https://t.co/5OTMWI3ueG https://t.co/JtTMKp4hr7",
Tr√°fico de personas M√©xico,2024-07-10 11:58:11+00:00,1232296917343686656,"@jose_editor No todos las personas que creemos en la ciencia, en la educaci√≥n, en el pensamiento cr√≠tico somos aspiracionistas.
La persona ""aspiracionista es ser corrupta, tr√°fico de gente influencias, sin √©tica en su vida y que hacer cient√≠fico, en M√©xico la mayor√≠a nuestro sueldo",
Tr√°fico de personas M√©xico,2024-07-10 05:47:01+00:00,1703911454330544128,@JorgeOmarRami20 @Mamertossky @unkn000wnn @lamanoconpelos1 Es que si da miedo porque fuera de todo lo hermoso que es M√©xico hay tr√°fico de personas con los turistas quiz√°s o secuestros a la gente nueva,
Tr√°fico de personas M√©xico,2024-07-09 23:57:48+00:00,1229533399062368256,por algo ser√° que en todas las peliculas usan a mexico como punto narco de violencia y tr√°fico de personasüíÄ ridicula https://t.co/UoGskk6mA6 https://t.co/knq76PHAm9,
Tr√°fico de personas M√©xico,2024-07-09 22:42:49+00:00,102244899,"üî¥ Las autoridades est√°n involucradas en el tr√°fico de personas en #M√©xico, sobre todo en los estados del norte, nos dice William Murillo de la organizaci√≥n #1800MIGRANTE. ‚ÄúLos migrantes se sienten m√°s seguros en las carreteras con el aval de autoridades que en manos del crimen‚Ä¶ https://t.co/B69vVCq1J2",
Tr√°fico de personas M√©xico,2024-07-09 22:42:15+00:00,102244899,"üî¥ Las autoridades est√°n involucradas en el tr√°fico de personas en #M√©xico y sobre todo en los estados del norte, nos dice William Murillo de la organizaci√≥n #1800MIGRANTE. ‚ÄúLos migrantes se sienten m√°s seguros en las carreteras con el aval de autoridades que en manos del crimen‚Ä¶ https://t.co/n6SIoiYegr",
Tr√°fico de personas M√©xico,2024-07-09 20:02:40+00:00,17232299,@Malules7532791 @FonsiLoaiza Los tra√≠a el de M√©xico y con subvenciones con la excusa de estudiar y luego los pon√≠a a trabajar. Un claro caso de tr√°fico de personas.,
Tr√°fico de personas M√©xico,2024-07-09 19:51:15+00:00,102244899,"‚ö†Ô∏èEl trailer que transportaba migrantes hacia la frontera transitando por la M√©xico 15 y que se accident√≥ ayer en #Sonora, de lograr su objetivo, deb√≠a pasar por un ret√©n militar conocido como #Querobabi.

¬øSe niegan a√∫n a pensar de la gran red de tr√°fico de personas que‚Ä¶ https://t.co/ENL26MVQPh",
Muro fronterizo M√©xico,2024-07-10 16:11:37+00:00,951261299526324224,"@tonielfant87666 @vox_es @Jorgebuxade Bueno, en la frontera de M√©xico con Estados Unidos, muchos padres latinoamericanos echaban a sus hijos muy peque√±os por el muro fronterizo para q lo acogieran en USA, fijate la, desesperaci√≥n de esos padres al preferir dejarlos solos en USA, q en el peligro de sus pa√≠ses",
Muro fronterizo M√©xico,2024-07-10 03:47:15+00:00,882035880600403970,Di nuevamente en el clavo al estar viendo que como estratega poner un. Muro fronterizo en el Dari√©n es m√°s f√°cil que en M√©xico. Panam√° es peque√±a y eso lo sabe @LaCasaBlanca @JoseRaulMulino Todo bien planeado sale mejor. @ONU_es https://t.co/xt5Jhw4OLu,
Muro fronterizo M√©xico,2024-07-09 18:50:09+00:00,68928118,Naturaleza interrumpida: el impacto del muro fronterizo entre EE.UU. y M√©xico en la fauna salvaje https://t.co/h6Z8FQQlX1 #Tucson #Arizona,
Muro fronterizo M√©xico,2024-07-09 04:09:29+00:00,162914412,"El muro fronterizo entre M√©xico y EE.UU., construido durante la presidencia de Clinton en los 90s, se extiende 706 millas. Dise√±ado para frenar la inmigraci√≥n ilegal y el contrabando, su segmento Tijuana-San Diego alcanza 30 pies. Simboliza las tensiones entre ambos pa√≠ses. https://t.co/P55tpCfEC1",
Muro fronterizo M√©xico,2024-07-07 04:04:01+00:00,1622494352114085895,"En un futuro proximo , tendremos en la forntera Mexico-Estados Unidos una aconglomeracion de 
empresas y personas , debido a la demanda estadounidense , justo en ese momento es cuando mas que nunca tendra sentido y logica el muro fronterizo hecho por trump ,ya que este es",
Muro fronterizo M√©xico,2024-07-05 19:21:32+00:00,34040211,Dos hombres caminan junto al muro fronterizo que divide M√©xico de Estados Unidos. https://t.co/v2B9ZikLD0,
Refugiado M√©xico,2024-07-11 02:57:19+00:00,1428767445582499846,"@aspauzarazuri ALAN ESTA REFUGIADO EN SUIZA SEGUN INVESTIGACION DE JAIME BAYLI!, IGUAL.QUE MOSCA LOCA QUE SE HIZO EL.MUERTO Y APARECIO EN MEXICO!, El.Alanismo es copia del.PRI mexicano utilizan a sus lideres para enriquecerse, el Tio George del Castillo Garrido Lecca, Cornejo, Carranza, ETC!",
Refugiado M√©xico,2024-07-11 02:52:18+00:00,137104854,"üìÑ En #M√©xico se han presentado 41,427 personas han solicitado su condici√≥n de refugiado, al cierre de junio del 2024, lo que signific√≥ una baja de 45.58% en comparaci√≥n con el a√±o pasado. En el primer semestre del 2022 se registraron 58,660 casos y 76,130, en 2023. @comar_sg‚Ä¶ https://t.co/Nn2lfeyWt3 https://t.co/BgteDTRrXx",
Refugiado M√©xico,2024-07-10 15:00:01+00:00,1288495373162434562,"üëâLas personas extranjeras interesadas en el reconocimiento de la condici√≥n de refugiado, tienen un plazo de 30 d√≠as h√°biles para presentar su solicitud despu√©s de haber ingresado a M√©xico.
Consulta el directorio de la COMAR: https://t.co/5bLrToMGIg https://t.co/I5LtnxxY1U",
Refugiado M√©xico,2024-07-10 14:46:29+00:00,1061657209996750853,"Durante la presente administraci√≥n del 2019 al cierre de junio de 2024, las top 5 nacionalidades solicitantes de la condici√≥n de refugiado en M√©xico son: 
Honduras 172,596
Hait√≠ 128,328
Cuba 68,188
Venezuela 39, 230
El Salvador 36,436
@comar_sg",
Refugiado M√©xico,2024-07-09 14:56:38+00:00,1554224604863991808,"¬øVives en M√©xico y cuentas con estatus de ap√°trida, refugiado o de protecci√≥n similar? 
¬°Aplica a esta oportunidad con @AcnurMexico!
ü§©Asistente de Protecci√≥n Tijuana
üîóLink: https://t.co/EI1bfaa4c8
üìçCiudad de asignaci√≥n: Tijuana
üóìFecha: 14/07/2024 https://t.co/C3gcMWcjkp",
Refugiado M√©xico,2024-07-09 14:55:49+00:00,1554224604863991808,"¬øVives en M√©xico y cuentas con estatus de ap√°trida, refugiado o de protecci√≥n similar?
¬°Aplica a esta oportunidad con @AcnurMexico!
ü§©Promotor/a Comunitario en Saltillo
üîóLink: https://t.co/S426UHD3yS
üìçCiudad de asignaci√≥n: Saltillo
üóìFecha: 14/07/2024 https://t.co/n1upndx5T1",
Refugiado M√©xico,2024-07-09 14:55:28+00:00,1554224604863991808,"¬øVives en M√©xico y cuentas con estatus de ap√°trida, refugiado o de protecci√≥n similar?
¬°Aplica a esta oportunidad con @AcnurMexico!
ü§©Promotor/a Comunitario/a Tapachula
üîóLink: https://t.co/puOs5uEJYB
üìçCiudad de asignaci√≥n: Tapachula
üóìFecha: 14/07/2024 https://t.co/P1bybZ9E1r",
Refugiado M√©xico,2024-07-09 02:22:29+00:00,1636051212020891648,"@Melissa_Bely Franky el ahora esposo de la Sheibaum estaba refugiado en Espa√±a por lavado de dinero y gracias a los tr√°mites del Srio de relaciones Marcelo Ebrard, se lo trajeron a M√©xico para casatlo con la candidata y adquirir protecci√≥n de la DEA.",
Refugiado M√©xico,2024-07-09 00:30:51+00:00,1143298640531714049,"@RusoZamogilny Desde que Jordan se retir√≥ se acab√≥ el B√°squet ball en M√©xico as√≠ de simple ü§óü§ó, pero que va a saber un Argentino refugiado",
Refugiado M√©xico,2024-07-09 00:05:49+00:00,1653473278722228225,"@AlvarezMaynez Jaja, si lo mejor es volverse webones sin identidad cultural pos chido aunque veo puro mugroso refugiado que no aporta, ni aportara nada positivo a Francia... lo mismo que nos suceder√° en M√©xico de la mano de estos desgobiernos de izquierda que solo generan pobreza y destrucci√≥n.",
Regularizaci√≥n M√©xico,2024-07-11 01:37:43+00:00,186135394,"Como parte de las labores del RAN, derivadas de los acuerdos en las las mesas de trabajo para la regularizaci√≥n de las cl√≠nicas IMSS Bienestar, nuestra representaci√≥n en el Estado de M√©xico entreg√≥ al ISEM 90 ubicaciones de predio.
#ElRANCercaDeTi https://t.co/MULFipbeUA",
Regularizaci√≥n M√©xico,2024-07-10 18:00:01+00:00,1720205661043052544,#Mexico Regularizaci√≥n de veh√≠culos de procedencia extranjera recauda m√°s de 5 mil millones de pesos https://t.co/HkA6Nowoy3 https://t.co/zQmdL5L7i7,
Regularizaci√≥n M√©xico,2024-07-10 15:03:26+00:00,1359021346504781826,"Como parte del Programa de Regularizaci√≥n para el Bienestar Patrimonial, la gobernadora Mara Lezama y la presidenta Ana Paty Peralta entregaron 160 escrituras a familias de las colonias Tierra y libertad, Tart√°n, San Alfredo, Cedro, M√©xico y Diamante.
#4T
#Canc√∫n https://t.co/sHMr5gl3d5",
Regularizaci√≥n M√©xico,2024-07-10 01:09:52+00:00,252651107,"¬°Cancunenses! Lo prometido es deuda: gracias al Programa de Regularizaci√≥n para el Bienestar Patrimonial, hemos entregado 160 escrituras a familias de las colonias Tierra y libertad, Tart√°n, San Alfredo, Cedro, M√©xico y Diamante.

En equipo con nuestra Gobernadora @MaraLezama y‚Ä¶ https://t.co/FrtUVjFJHb https://t.co/CHUuqwjhhD",
Regularizaci√≥n M√©xico,2024-07-09 22:11:52+00:00,973994373422592000,"Acompa√±e al Director General del Registro Estatal de Transporte P√∫blico a entregar T√≠tulos de Concesi√≥n en la ventanilla de la @SEMOV_Edomex en #Toluca. 

Acciones que suman a la regularizaci√≥n del transporte p√∫blico en el Estado de M√©xico! üöê

üá≤üáΩ #ElPoderDeServir üá≤üáΩ https://t.co/xo30nCJKDs",
Regularizaci√≥n M√©xico,2024-07-09 15:52:00+00:00,199092239,"En la Direcci√≥n General de Regularizaci√≥n Territorial puedes realizar tr√°mites relacionados con la propiedad legal de viviendas de la Ciudad de M√©xico. 

Consulta el enlace que te compartimos para conocer tu m√≥dulo m√°s cercano.  

https://t.co/ebvdto0ugC https://t.co/1fn8TCc2Wl",
Regularizaci√≥n M√©xico,2024-07-09 13:41:11+00:00,150913226,"@SSPCMexico @rosaicela_ Finalmente, se informa el avance de regularizaci√≥n de los llamados ""veh√≠culos chocolate"" para que tengan sus documentos oficiales de #M√©xico https://t.co/LpKbaoETa0",
Regularizaci√≥n M√©xico,2024-07-09 00:41:39+00:00,1772414356799488000,"@licpcuzdelr @PonchoGutz @licpcuzdelr Me agrad√≥ tu imagen, s√≥lo a√±adir√© que en serio: izquierdistas, no se quejen del futuro nada halagador para Francia. Y M√©xico, no est√° siendo alejado de ello. Cada vez m√°s se quedan inmigrantes aqu√≠, ¬øqu√© hay de su regularizaci√≥n? En serio, ¬ølas leyes?",
Regularizaci√≥n M√©xico,2024-07-08 13:24:58+00:00,176540641,La medida anunciada el 18 de junio por el presidente de Estados Unidos beneficiar√° a 500.000 indocumentados que son c√≥nyuges de ciudadanos estadounidenses con m√°s de 10 a√±os en el pa√≠s. https://t.co/Pi4NGbEmbf,
Regularizaci√≥n M√©xico,2024-07-07 16:24:03+00:00,1684216214917197824,"@Tigerofcity @punkkcarter @ao_beat @Jovenesfutmx El problema es que no hay una regularizaci√≥n como en Sudam√©rica.

En Sudam√©rica los futbolistas se venden baratos porque el club siempre recibe una cantidad por formaci√≥n del jugador y reteniendo un porcentaje de la carta.

Eso aqu√≠ en M√©xico no pasa.",
Asilo M√©xico,2024-07-11 03:07:06+00:00,2518004870,Pedro Castillo muestra documento de la Embajada de M√©xico donde aclara que no pidi√≥ asilo pol√≠tico - La Rep√∫blica Per√∫ https://t.co/A3xLubPy0t,
Asilo M√©xico,2024-07-11 03:07:06+00:00,725391519788703744,Pedro Castillo muestra documento de la Embajada de M√©xico donde aclara que no pidi√≥ asilo pol√≠tico - La Rep√∫blica Per√∫ https://t.co/t0P445D4gA,
Asilo M√©xico,2024-07-11 03:07:06+00:00,725386630593437697,Pedro Castillo muestra documento de la Embajada de M√©xico donde aclara que no pidi√≥ asilo pol√≠tico - La Rep√∫blica Per√∫ https://t.co/Asodzd4rnX,
Asilo M√©xico,2024-07-11 02:50:55+00:00,100449979,@vic130204 @MemoriasPez Conflictos diplom√°ticos por invasi√≥n a la embajada de M√©xico en Ecuador para capturar al exvicepresidente Jorge Glas qui√©n hab√≠a solicitado asilo pol√≠tico.,
Asilo M√©xico,2024-07-11 02:44:15+00:00,2786671676,Pedro Castillo muestra documento de la Embajada de M√©xico donde aclara que no pidi√≥ asilo pol√≠tico - La Rep√∫blica Per√∫ https://t.co/wCNmXVr1ZB,
Asilo M√©xico,2024-07-11 02:44:12+00:00,4714570936,Pedro Castillo muestra documento de la Embajada de M√©xico donde aclara que no pidi√≥ asilo pol√≠tico - La Rep√∫blica Per√∫ https://t.co/vTKFviySfO,
Asilo M√©xico,2024-07-11 00:55:15+00:00,4425381312,"@lagrimaswoke @PedrOEsM78 @EniorJimenez Nombre anterior como nuevo reino de le√≥n, el problema para m√≠ con estos temas es que los espa√±oles piensan que es un problema de hace 500 a√±os y no lo es, M√©xico ten√≠a buena relaci√≥n con Espa√±a, apoyo a los republicanos en su guerra civil, mandado armamento y dando asilo, a√∫n con",
Asilo M√©xico,2024-07-10 23:59:48+00:00,1532158375013797888,"@ZoomEcuador Pues pensemos bien ecuatorianos, Mexico tampoco es es mejor socio, empezando porque da asilo a delincuentes de RC.",
Asilo M√©xico,2024-07-10 23:48:55+00:00,54094517,"""La embajada de los Estados Unidos Mexicanos en Per√∫ hace constar que no ha recibido solicitud alguna del expresidente Jos√© Pedro Castillo Terrones al Gobierno de M√©xico"",  https://t.co/AildaZ5T39",
Asilo M√©xico,2024-07-10 23:38:10+00:00,957594216,"@Politica_LR Es una injusticia hist√≥rica  haberlo puesto preso al presidente Castillo, pol√≠ticamente est√° secuestrado, violaron la Constituci√≥n y el reglamento del Congreso, no respetaron sus derechos constitucionales, prueba de ello la embajada de M√©xico dice que no pidi√≥ asilo pol√≠tico.",
Migrante M√©xico,2024-07-11 03:10:44+00:00,1558133921644158976,"La #inflaci√≥n y el alto flujo migratorio provocaron que el costo de mantener a un migrante varado en la frontera sur de #M√©xico se triplicara, seg√∫n c√°lculos de la @CanacoTapachula, donde grupos ciudadanos dicen asumir este gasto ante la inacci√≥n de la #4T. https://t.co/0DheZBS4Gm",
Migrante M√©xico,2024-07-11 02:51:15+00:00,1104815875,El costo de mantener a un migrante en la frontera sur de M√©xico se triplica - https://t.co/al1PjguFoO https://t.co/Abo7r9vXEf,
Migrante M√©xico,2024-07-11 02:42:42+00:00,1733714768471687168,"@OliLondonTV El mismo problema que ustedes tienen all√° es igual aqu√≠, tanto turista y migrante que se viene a M√©xico, en ciudades como Jalisco, las rentas y costos de vivienda est√°n carisimo!!! Gente de todas partes del mundo",
Migrante M√©xico,2024-07-11 01:00:00+00:00,1549181490143133697,"#Informativo14:

üóûAnuncia #Sheinbaum 3 l√≠neas de trenes de pasajeros: AIFA-Pachuca, M√©xico-Nuevo Laredo y #M√©xico-Guadalajara
üóûAlista PRI m√©todo para renovar dirigencia. Allanan camino para Alito Moreno.

üì∫#TvMigrante üëâüèæ https://t.co/eDlGMtESnc
https://t.co/J6WPS0SuZC",
Migrante M√©xico,2024-07-11 00:47:24+00:00,84963978,"La inflaci√≥n y el flujo migratorio provocaron que el costo de mantener a un migrante varado en la frontera sur de M√©xico se triplicara. #ImpactoLatino #Flujomigratorio #frontera #COSTO
https://t.co/ZR918CjyUE https://t.co/qQgYZp0zDz",
Migrante M√©xico,2024-07-11 00:40:00+00:00,3167117254,"Costo de mantener a un migrante en la frontera sur de M√©xico se triplica #PuntoYComa El costo para sostener a un migrante en M√©xico asciende ahora a mil 200 pesos diarios, un 200 por ciento m√°s de los 400 pesos de 2016 https://t.co/Sr3kZFFyIX",
Migrante M√©xico,2024-07-10 23:36:33+00:00,1549181490143133697,"#Informativo14

üóûAnuncia @Claudiashein tres l√≠neas de trenes de pasajeros: #AIFA-Pachuca, #M√©xico-Nuevo Laredo y #M√©xico-Guadalajara
üóûEl #PoderJudicial cancel√≥ la #LeyEl√©ctrica ‚Äúpor defender a empresas extranjeras‚Äù: @lopezobrador_

‚è∞19:00Hüì∫#TvMigranteüëâüèæhttps://t.co/eDlGMtFqcK https://t.co/rx6YftKVXy",
Migrante M√©xico,2024-07-10 23:33:22+00:00,117524881,"El costo para sostener a un migrante asciende ahora a 1.200 pesos diarios (unos 66,6 d√≥lares), un 200 % m√°s de los 400 pesos (22,2 d√≥lares) de 2016 

üé• / Agencia EFE 
https://t.co/nEEfxR2MP1 https://t.co/HEVpj5uYzs",
Migrante M√©xico,2024-07-10 22:19:34+00:00,277539115,El costo de mantener a un migrante en la frontera sur de M√©xico se triplica https://t.co/pNbAtDisvH,
Migrante M√©xico,2024-07-10 22:02:06+00:00,745324658518462464,"üî¥ #Nacional üëÄ | Se triplica costo de mantener a un migrante en la frontera sur de M√©xico

https://t.co/BZjw9R18ED",
Deportaci√≥n M√©xico,2024-07-10 21:25:34+00:00,4895921277,"@Li_dia_al_temps @moedetriana Entran como turistas, no como estudiantes, ese es el problema. Tendr√≠an que volver a M√©xico para hacer la solicitud de visa de estudiante, pero ahora se enfrentan a una deportaci√≥n.",
Deportaci√≥n M√©xico,2024-07-10 20:00:35+00:00,1809317330826194948,"Profesor enfrenta deportaci√≥n a M√©xico por 300 v√≠deos de pornograf√≠a infantil
https://t.co/nlGF6kXxAg
#Protecci√≥nInfantil #DefensaInfantil #Noticia",
Deportaci√≥n M√©xico,2024-07-10 17:10:42+00:00,1343624034756538369,@Patrioticos_RD La agresi√≥n a los nacionales por extranjeros debe ser castigada con c√°rcel de m√≠nimo 3 a√±os y despu√©s inmediata deportaci√≥n a donde sea y caiga. Como en M√©xico.,
Deportaci√≥n M√©xico,2024-07-09 18:17:54+00:00,309779418,"Es alarmante utilizar una narrativa xen√≥foba para impulsar una candidatura presidencial. La deportaci√≥n masiva no solo es inhumana, sino que podr√≠a tener graves consecuencias para la estabilidad de las relaciones entre los EEUU y los pa√≠ses de LATAM, pero sobre todo con M√©xico.",
Deportaci√≥n M√©xico,2024-07-09 11:45:53+00:00,152142811,"√âste es el plan electoral de los republicanos en inmigraci√≥n: muro, 'Qu√©date en M√©xico', deportaci√≥n masiva y militares a la frontera https://t.co/ZibqNWQfB6",
Deportaci√≥n M√©xico,2024-07-09 03:11:31+00:00,1712014685250142208,@occidente88 @EFEnoticias 1 Millon de Espa√±oles en Mexico? Hagase su Deportacion...,
Deportaci√≥n M√©xico,2024-07-09 03:06:47+00:00,1667954680360566784,"√âste es el plan electoral de los republicanos en inmigraci√≥n: muro, 'Qu√©date en M√©xico', deportaci√≥n masiva y militares a la frontera https://t.co/9Ci1BEheWz via @TelemundoNews",
Deportaci√≥n M√©xico,2024-07-09 00:06:08+00:00,1451247705980870659,"#Migraci√≥n Aprueban programa de Donald Trump que incluye la DEPORTACI√ìN m√°s grande de la historia de USA: * Todo ESTO puedes traer de Estados Unidos a M√©xico GRATIS
 * ¬øEn qu√© p√°gina se pueden encontrar ofertas de trabajo reales en Estados Unidos?
 *‚Ä¶ https://t.co/kLHjGMEj1U https://t.co/WZ78lZGO7L",
Deportaci√≥n M√©xico,2024-07-08 21:57:32+00:00,587860315,"√âste es el plan electoral de los republicanos en inmigraci√≥n: muro, 'Qu√©date en M√©xico', deportaci√≥n masiva y militares a la frontera https://t.co/bicf1EfBTi",
Deportaci√≥n M√©xico,2024-07-08 21:43:50+00:00,152142811,"√âste es el plan electoral de los republicanos en inmigraci√≥n: muro, 'Qu√©date en M√©xico', deportaci√≥n masiva y militares a la frontera. 

https://t.co/zx93tOvmQ8",
Discriminaci√≥n M√©xico,2024-07-11 01:05:48+00:00,106240610,"@AKAjuanpa @TlatoaniCarrera Yo soy admirador de la raza negra, me hubiera gustado haber tenido una novia as√≠, pero en M√©xico no hay. 
Lo que molesta es que si a alguien no le gustan o le molestan ciertas actitudes de una persona y que da la casualidad que es de piel negra, lo tachen de discriminaci√≥n",
Discriminaci√≥n M√©xico,2024-07-10 22:02:04+00:00,130578337,"El Consejo para Prevenir y Eliminar la Discriminaci√≥n de la Ciudad de M√©xico (Copred) llam√≥ a lxs propietarixs y administradorxs de hoteles y moteles a eliminar la discriminaci√≥n hacia personas trabajadoras sexuales
https://t.co/QyGqZ5dZaD",
Discriminaci√≥n M√©xico,2024-07-10 20:33:17+00:00,114352631,"@Sly_Nei Vente a M√©xico, combinamos los climas sin discriminaci√≥n üôÉ",
Discriminaci√≥n M√©xico,2024-07-10 20:30:00+00:00,72580663,"üì¢ #Convocatoria | Premio Nacional de Fotograf√≠a 2024, #EnfoquesDeLaInclusi√≥n 

Te invitamos a mostrar a trav√©s de tus fotograf√≠as la √≥ptica ciudadana de la agenda de igualdad y no discriminaci√≥n en M√©xico. 
 
üì∑ Consulta la convocatoria completa en:  https://t.co/UBukUECnUB https://t.co/KInRQeU1Ka",
Discriminaci√≥n M√©xico,2024-07-10 15:41:38+00:00,1620819247504003072,"üåàA pesar de las leyes locales y nacionales, la discriminaci√≥n a la comunidad LGBTIQ+ no disminuyeüò•üÜò
https://t.co/acDwBCIZ8c",
Discriminaci√≥n M√©xico,2024-07-10 15:30:05+00:00,264525890,"@TlatoaniCarrera @jrisco @Radio_Formula Cierto, en algunos lugares. En M√©xico, al contrario y por cortes√≠a del presidente actual, se ha incrementado y agudizado la separaci√≥n de clases, colores y razas, al grado de odios, rencores, revanchas y discriminaci√≥n. Un pa√≠s antes unido hoy es oscuro y profundamente dividido.",
Discriminaci√≥n M√©xico,2024-07-10 09:13:21+00:00,1426159011917860869,"@proceso Inculta, carente de instrucci√≥n es Naco seg√∫n la definici√≥n.
Chinto, en M√©xico es alguien que menstrua seg√∫n la definici√≥n.
Chairo, falta de compromiso en lo que dice defender seg√∫n la definici√≥n.
A todo esto ¬ød√≥nde est√° la parte de discriminaci√≥n?... https://t.co/7RFHr7kFk7",
Discriminaci√≥n M√©xico,2024-07-10 09:04:13+00:00,184454249,"TW : El COPRED insta a personas propietarias de hoteles y moteles de la Ciudad de M√©xico para eliminar la...: ...origen nacional, tienen derecho a un trato justo, digno y libre de violencia. La estigmatizaci√≥n y criminalizaci√≥n de las personas‚Ä¶ https://t.co/fF8GPhpP7V",
Discriminaci√≥n M√©xico,2024-07-10 06:02:18+00:00,1784793011039125504,"#Comunidad4T

#M√©xico 

#NoticiasM√©xico 

Para todo #SerHumano #YaBasta de:  

- Racismo Institucional.
- Discriminaci√≥n.
- Feminicidios.
- Corrupci√≥n.
- Violencia.
- Bullying. 

#Hasta que la #Dignidad se haga #Costumbre  

#PorTiPorMiPorTodxs‚úä https://t.co/YrFABCJya7",
Discriminaci√≥n M√©xico,2024-07-10 04:44:26+00:00,2809895964,"@Tandy_ha @realCarola2Hope En M√©xico si se considero como discriminaci√≥n y claramente un delito, en otros pa√≠ses si estaba permitido esa discriminaci√≥n",
Inmigrante M√©xico,2024-07-10 17:00:53+00:00,1416090897997910017,"@mayofrances1968 @DavidHumbertote @psylilies @TioThulium @NTGreatX @stats_feed Es argentino como t√∫ s√≥lo que √©l se cans√≥ de pasar hambre en tu tierra
Al parecer t√∫ tambi√©n que vives o deseas vivir de inmigrante en estados unidos
Yo vivo ac√° a toda madre en M√©xico, para m√≠ ustedes son los saltamuros",
Inmigrante M√©xico,2024-07-10 17:00:32+00:00,1215698418594648070,"#Aproximidad https://t.co/j1F7ffGIHS üá∫üá∏ | LO √öLTIMO

M√°s sangre en las manos de Biden: Un inmigrante ilegal en Nuevo M√©xico, ebrio, sin licencia y a alta velocidad, caus√≥ un choque de tres veh√≠culos que dej√≥ un muerto y un herido cr√≠tico antes de intentar huir del lugar. ‚Ä¶",
